ACH_DATE,COMMISSIONER_ORGANISATION_CODE,GEOGRAPHY_CODE,CCG_NAME,Measure,Value
31/03/2017,02N,E38000001,"NHS Airedale, Wharfedale and Craven CCG",ASIAN_OR_ASIAN_BRITISH,10
31/03/2017,02N,E38000001,"NHS Airedale, Wharfedale and Craven CCG",BLACK_OR_AFRICAN_OR_CARIBBEAN_OR_BLACK_BRITISH,0
31/03/2017,02N,E38000001,"NHS Airedale, Wharfedale and Craven CCG",MIXED_OR_MULTIPLE_ETHNIC_GROUPS,1
31/03/2017,02N,E38000001,"NHS Airedale, Wharfedale and Craven CCG",NOT_DEFINED,1389
31/03/2017,02N,E38000001,"NHS Airedale, Wharfedale and Craven CCG",OTHER_ETHNIC_GROUP,4
31/03/2017,02N,E38000001,"NHS Airedale, Wharfedale and Craven CCG",WHITE,374
31/03/2017,09C,E38000002,NHS Ashford CCG,ASIAN_OR_ASIAN_BRITISH,3
31/03/2017,09C,E38000002,NHS Ashford CCG,BLACK_OR_AFRICAN_OR_CARIBBEAN_OR_BLACK_BRITISH,0
31/03/2017,09C,E38000002,NHS Ashford CCG,MIXED_OR_MULTIPLE_ETHNIC_GROUPS,0
31/03/2017,09C,E38000002,NHS Ashford CCG,NOT_DEFINED,843
31/03/2017,09C,E38000002,NHS Ashford CCG,OTHER_ETHNIC_GROUP,0
31/03/2017,09C,E38000002,NHS Ashford CCG,WHITE,112
31/03/2017,10Y,E38000003,NHS Aylesbury Vale CCG,ASIAN_OR_ASIAN_BRITISH,15
31/03/2017,10Y,E38000003,NHS Aylesbury Vale CCG,BLACK_OR_AFRICAN_OR_CARIBBEAN_OR_BLACK_BRITISH,0
31/03/2017,10Y,E38000003,NHS Aylesbury Vale CCG,MIXED_OR_MULTIPLE_ETHNIC_GROUPS,5
31/03/2017,10Y,E38000003,NHS Aylesbury Vale CCG,NOT_DEFINED,1487
31/03/2017,10Y,E38000003,NHS Aylesbury Vale CCG,OTHER_ETHNIC_GROUP,3
31/03/2017,10Y,E38000003,NHS Aylesbury Vale CCG,WHITE,168
31/03/2017,07L,E38000004,NHS Barking and Dagenham CCG,ASIAN_OR_ASIAN_BRITISH,40
31/03/2017,07L,E38000004,NHS Barking and Dagenham CCG,BLACK_OR_AFRICAN_OR_CARIBBEAN_OR_BLACK_BRITISH,0
31/03/2017,07L,E38000004,NHS Barking and Dagenham CCG,MIXED_OR_MULTIPLE_ETHNIC_GROUPS,6
31/03/2017,07L,E38000004,NHS Barking and Dagenham CCG,NOT_DEFINED,767
31/03/2017,07L,E38000004,NHS Barking and Dagenham CCG,OTHER_ETHNIC_GROUP,1
31/03/2017,07L,E38000004,NHS Barking and Dagenham CCG,WHITE,167
31/03/2017,07M,E38000005,NHS Barnet CCG,ASIAN_OR_ASIAN_BRITISH,227
31/03/2017,07M,E38000005,NHS Barnet CCG,BLACK_OR_AFRICAN_OR_CARIBBEAN_OR_BLACK_BRITISH,0
31/03/2017,07M,E38000005,NHS Barnet CCG,MIXED_OR_MULTIPLE_ETHNIC_GROUPS,35
31/03/2017,07M,E38000005,NHS Barnet CCG,NOT_DEFINED,2241
31/03/2017,07M,E38000005,NHS Barnet CCG,OTHER_ETHNIC_GROUP,34
31/03/2017,07M,E38000005,NHS Barnet CCG,WHITE,200
31/03/2017,02P,E38000006,NHS Barnsley CCG,ASIAN_OR_ASIAN_BRITISH,2
31/03/2017,02P,E38000006,NHS Barnsley CCG,BLACK_OR_AFRICAN_OR_CARIBBEAN_OR_BLACK_BRITISH,0
31/03/2017,02P,E38000006,NHS Barnsley CCG,MIXED_OR_MULTIPLE_ETHNIC_GROUPS,2
31/03/2017,02P,E38000006,NHS Barnsley CCG,NOT_DEFINED,1525
31/03/2017,02P,E38000006,NHS Barnsley CCG,OTHER_ETHNIC_GROUP,6
31/03/2017,02P,E38000006,NHS Barnsley CCG,WHITE,485
31/03/2017,99E,E38000007,NHS Basildon and Brentwood CCG,ASIAN_OR_ASIAN_BRITISH,5
31/03/2017,99E,E38000007,NHS Basildon and Brentwood CCG,BLACK_OR_AFRICAN_OR_CARIBBEAN_OR_BLACK_BRITISH,0
31/03/2017,99E,E38000007,NHS Basildon and Brentwood CCG,MIXED_OR_MULTIPLE_ETHNIC_GROUPS,4
31/03/2017,99E,E38000007,NHS Basildon and Brentwood CCG,NOT_DEFINED,1496
31/03/2017,99E,E38000007,NHS Basildon and Brentwood CCG,OTHER_ETHNIC_GROUP,4
31/03/2017,99E,E38000007,NHS Basildon and Brentwood CCG,WHITE,344
31/03/2017,02Q,E38000008,NHS Bassetlaw CCG,ASIAN_OR_ASIAN_BRITISH,2
31/03/2017,02Q,E38000008,NHS Bassetlaw CCG,BLACK_OR_AFRICAN_OR_CARIBBEAN_OR_BLACK_BRITISH,0
31/03/2017,02Q,E38000008,NHS Bassetlaw CCG,MIXED_OR_MULTIPLE_ETHNIC_GROUPS,1
31/03/2017,02Q,E38000008,NHS Bassetlaw CCG,NOT_DEFINED,718
31/03/2017,02Q,E38000008,NHS Bassetlaw CCG,OTHER_ETHNIC_GROUP,4
31/03/2017,02Q,E38000008,NHS Bassetlaw CCG,WHITE,468
31/03/2017,11E,E38000009,NHS Bath and North East Somerset CCG,ASIAN_OR_ASIAN_BRITISH,4
31/03/2017,11E,E38000009,NHS Bath and North East Somerset CCG,BLACK_OR_AFRICAN_OR_CARIBBEAN_OR_BLACK_BRITISH,0
31/03/2017,11E,E38000009,NHS Bath and North East Somerset CCG,MIXED_OR_MULTIPLE_ETHNIC_GROUPS,7
31/03/2017,11E,E38000009,NHS Bath and North East Somerset CCG,NOT_DEFINED,1384
31/03/2017,11E,E38000009,NHS Bath and North East Somerset CCG,OTHER_ETHNIC_GROUP,3
31/03/2017,11E,E38000009,NHS Bath and North East Somerset CCG,WHITE,149
31/03/2017,06F,E38000010,NHS Bedfordshire CCG,ASIAN_OR_ASIAN_BRITISH,30
31/03/2017,06F,E38000010,NHS Bedfordshire CCG,BLACK_OR_AFRICAN_OR_CARIBBEAN_OR_BLACK_BRITISH,1
31/03/2017,06F,E38000010,NHS Bedfordshire CCG,MIXED_OR_MULTIPLE_ETHNIC_GROUPS,12
31/03/2017,06F,E38000010,NHS Bedfordshire CCG,NOT_DEFINED,984
31/03/2017,06F,E38000010,NHS Bedfordshire CCG,OTHER_ETHNIC_GROUP,80
31/03/2017,06F,E38000010,NHS Bedfordshire CCG,WHITE,1354
31/03/2017,07N,E38000011,NHS Bexley CCG,ASIAN_OR_ASIAN_BRITISH,27
31/03/2017,07N,E38000011,NHS Bexley CCG,BLACK_OR_AFRICAN_OR_CARIBBEAN_OR_BLACK_BRITISH,0
31/03/2017,07N,E38000011,NHS Bexley CCG,MIXED_OR_MULTIPLE_ETHNIC_GROUPS,6
31/03/2017,07N,E38000011,NHS Bexley CCG,NOT_DEFINED,1586
31/03/2017,07N,E38000011,NHS Bexley CCG,OTHER_ETHNIC_GROUP,4
31/03/2017,07N,E38000011,NHS Bexley CCG,WHITE,300
31/03/2017,13P,E38000012,NHS Birmingham CrossCity CCG,ASIAN_OR_ASIAN_BRITISH,290
31/03/2017,13P,E38000012,NHS Birmingham CrossCity CCG,BLACK_OR_AFRICAN_OR_CARIBBEAN_OR_BLACK_BRITISH,2
31/03/2017,13P,E38000012,NHS Birmingham CrossCity CCG,MIXED_OR_MULTIPLE_ETHNIC_GROUPS,48
31/03/2017,13P,E38000012,NHS Birmingham CrossCity CCG,NOT_DEFINED,3778
31/03/2017,13P,E38000012,NHS Birmingham CrossCity CCG,OTHER_ETHNIC_GROUP,13
31/03/2017,13P,E38000012,NHS Birmingham CrossCity CCG,WHITE,585
31/03/2017,04X,E38000013,NHS Birmingham South and Central CCG,ASIAN_OR_ASIAN_BRITISH,274
31/03/2017,04X,E38000013,NHS Birmingham South and Central CCG,BLACK_OR_AFRICAN_OR_CARIBBEAN_OR_BLACK_BRITISH,0
31/03/2017,04X,E38000013,NHS Birmingham South and Central CCG,MIXED_OR_MULTIPLE_ETHNIC_GROUPS,24
31/03/2017,04X,E38000013,NHS Birmingham South and Central CCG,NOT_DEFINED,1160
31/03/2017,04X,E38000013,NHS Birmingham South and Central CCG,OTHER_ETHNIC_GROUP,11
31/03/2017,04X,E38000013,NHS Birmingham South and Central CCG,WHITE,332
31/03/2017,00Q,E38000014,NHS Blackburn with Darwen CCG,ASIAN_OR_ASIAN_BRITISH,95
31/03/2017,00Q,E38000014,NHS Blackburn with Darwen CCG,BLACK_OR_AFRICAN_OR_CARIBBEAN_OR_BLACK_BRITISH,0
31/03/2017,00Q,E38000014,NHS Blackburn with Darwen CCG,MIXED_OR_MULTIPLE_ETHNIC_GROUPS,2
31/03/2017,00Q,E38000014,NHS Blackburn with Darwen CCG,NOT_DEFINED,617
31/03/2017,00Q,E38000014,NHS Blackburn with Darwen CCG,OTHER_ETHNIC_GROUP,3
31/03/2017,00Q,E38000014,NHS Blackburn with Darwen CCG,WHITE,286
31/03/2017,00R,E38000015,NHS Blackpool CCG,ASIAN_OR_ASIAN_BRITISH,4
31/03/2017,00R,E38000015,NHS Blackpool CCG,BLACK_OR_AFRICAN_OR_CARIBBEAN_OR_BLACK_BRITISH,0
31/03/2017,00R,E38000015,NHS Blackpool CCG,MIXED_OR_MULTIPLE_ETHNIC_GROUPS,1
31/03/2017,00R,E38000015,NHS Blackpool CCG,NOT_DEFINED,1086
31/03/2017,00R,E38000015,NHS Blackpool CCG,OTHER_ETHNIC_GROUP,5
31/03/2017,00R,E38000015,NHS Blackpool CCG,WHITE,689
31/03/2017,00T,E38000016,NHS Bolton CCG,ASIAN_OR_ASIAN_BRITISH,99
31/03/2017,00T,E38000016,NHS Bolton CCG,BLACK_OR_AFRICAN_OR_CARIBBEAN_OR_BLACK_BRITISH,0
31/03/2017,00T,E38000016,NHS Bolton CCG,MIXED_OR_MULTIPLE_ETHNIC_GROUPS,0
31/03/2017,00T,E38000016,NHS Bolton CCG,NOT_DEFINED,1760
31/03/2017,00T,E38000016,NHS Bolton CCG,OTHER_ETHNIC_GROUP,4
31/03/2017,00T,E38000016,NHS Bolton CCG,WHITE,522
31/03/2017,10G,E38000017,NHS Bracknell and Ascot CCG,ASIAN_OR_ASIAN_BRITISH,7
31/03/2017,10G,E38000017,NHS Bracknell and Ascot CCG,BLACK_OR_AFRICAN_OR_CARIBBEAN_OR_BLACK_BRITISH,0
31/03/2017,10G,E38000017,NHS Bracknell and Ascot CCG,MIXED_OR_MULTIPLE_ETHNIC_GROUPS,0
31/03/2017,10G,E38000017,NHS Bracknell and Ascot CCG,NOT_DEFINED,769
31/03/2017,10G,E38000017,NHS Bracknell and Ascot CCG,OTHER_ETHNIC_GROUP,1
31/03/2017,10G,E38000017,NHS Bracknell and Ascot CCG,WHITE,110
31/03/2017,02W,E38000018,NHS Bradford City CCG,ASIAN_OR_ASIAN_BRITISH,234
31/03/2017,02W,E38000018,NHS Bradford City CCG,BLACK_OR_AFRICAN_OR_CARIBBEAN_OR_BLACK_BRITISH,0
31/03/2017,02W,E38000018,NHS Bradford City CCG,MIXED_OR_MULTIPLE_ETHNIC_GROUPS,4
31/03/2017,02W,E38000018,NHS Bradford City CCG,NOT_DEFINED,132
31/03/2017,02W,E38000018,NHS Bradford City CCG,OTHER_ETHNIC_GROUP,5
31/03/2017,02W,E38000018,NHS Bradford City CCG,WHITE,44
31/03/2017,02R,E38000019,NHS Bradford Districts CCG,ASIAN_OR_ASIAN_BRITISH,120
31/03/2017,02R,E38000019,NHS Bradford Districts CCG,BLACK_OR_AFRICAN_OR_CARIBBEAN_OR_BLACK_BRITISH,0
31/03/2017,02R,E38000019,NHS Bradford Districts CCG,MIXED_OR_MULTIPLE_ETHNIC_GROUPS,13
31/03/2017,02R,E38000019,NHS Bradford Districts CCG,NOT_DEFINED,2029
31/03/2017,02R,E38000019,NHS Bradford Districts CCG,OTHER_ETHNIC_GROUP,15
31/03/2017,02R,E38000019,NHS Bradford Districts CCG,WHITE,458
31/03/2017,07P,E38000020,NHS Brent CCG,ASIAN_OR_ASIAN_BRITISH,437
31/03/2017,07P,E38000020,NHS Brent CCG,BLACK_OR_AFRICAN_OR_CARIBBEAN_OR_BLACK_BRITISH,0
31/03/2017,07P,E38000020,NHS Brent CCG,MIXED_OR_MULTIPLE_ETHNIC_GROUPS,116
31/03/2017,07P,E38000020,NHS Brent CCG,NOT_DEFINED,1213
31/03/2017,07P,E38000020,NHS Brent CCG,OTHER_ETHNIC_GROUP,49
31/03/2017,07P,E38000020,NHS Brent CCG,WHITE,138
31/03/2017,09D,E38000021,NHS Brighton and Hove CCG,ASIAN_OR_ASIAN_BRITISH,8
31/03/2017,09D,E38000021,NHS Brighton and Hove CCG,BLACK_OR_AFRICAN_OR_CARIBBEAN_OR_BLACK_BRITISH,0
31/03/2017,09D,E38000021,NHS Brighton and Hove CCG,MIXED_OR_MULTIPLE_ETHNIC_GROUPS,4
31/03/2017,09D,E38000021,NHS Brighton and Hove CCG,NOT_DEFINED,1577
31/03/2017,09D,E38000021,NHS Brighton and Hove CCG,OTHER_ETHNIC_GROUP,7
31/03/2017,09D,E38000021,NHS Brighton and Hove CCG,WHITE,209
31/03/2017,11H,E38000022,NHS Bristol CCG,ASIAN_OR_ASIAN_BRITISH,24
31/03/2017,11H,E38000022,NHS Bristol CCG,BLACK_OR_AFRICAN_OR_CARIBBEAN_OR_BLACK_BRITISH,0
31/03/2017,11H,E38000022,NHS Bristol CCG,MIXED_OR_MULTIPLE_ETHNIC_GROUPS,33
31/03/2017,11H,E38000022,NHS Bristol CCG,NOT_DEFINED,2493
31/03/2017,11H,E38000022,NHS Bristol CCG,OTHER_ETHNIC_GROUP,5
31/03/2017,11H,E38000022,NHS Bristol CCG,WHITE,560
31/03/2017,07Q,E38000023,NHS Bromley CCG,ASIAN_OR_ASIAN_BRITISH,57
31/03/2017,07Q,E38000023,NHS Bromley CCG,BLACK_OR_AFRICAN_OR_CARIBBEAN_OR_BLACK_BRITISH,0
31/03/2017,07Q,E38000023,NHS Bromley CCG,MIXED_OR_MULTIPLE_ETHNIC_GROUPS,23
31/03/2017,07Q,E38000023,NHS Bromley CCG,NOT_DEFINED,2161
31/03/2017,07Q,E38000023,NHS Bromley CCG,OTHER_ETHNIC_GROUP,9
31/03/2017,07Q,E38000023,NHS Bromley CCG,WHITE,395
31/03/2017,00V,E38000024,NHS Bury CCG,ASIAN_OR_ASIAN_BRITISH,7
31/03/2017,00V,E38000024,NHS Bury CCG,BLACK_OR_AFRICAN_OR_CARIBBEAN_OR_BLACK_BRITISH,0
31/03/2017,00V,E38000024,NHS Bury CCG,MIXED_OR_MULTIPLE_ETHNIC_GROUPS,0
31/03/2017,00V,E38000024,NHS Bury CCG,NOT_DEFINED,1508
31/03/2017,00V,E38000024,NHS Bury CCG,OTHER_ETHNIC_GROUP,1
31/03/2017,00V,E38000024,NHS Bury CCG,WHITE,132
31/03/2017,02T,E38000025,NHS Calderdale CCG,ASIAN_OR_ASIAN_BRITISH,33
31/03/2017,02T,E38000025,NHS Calderdale CCG,BLACK_OR_AFRICAN_OR_CARIBBEAN_OR_BLACK_BRITISH,0
31/03/2017,02T,E38000025,NHS Calderdale CCG,MIXED_OR_MULTIPLE_ETHNIC_GROUPS,2
31/03/2017,02T,E38000025,NHS Calderdale CCG,NOT_DEFINED,918
31/03/2017,02T,E38000025,NHS Calderdale CCG,OTHER_ETHNIC_GROUP,18
31/03/2017,02T,E38000025,NHS Calderdale CCG,WHITE,499
31/03/2017,06H,E38000026,NHS Cambridgeshire and Peterborough CCG,ASIAN_OR_ASIAN_BRITISH,91
31/03/2017,06H,E38000026,NHS Cambridgeshire and Peterborough CCG,BLACK_OR_AFRICAN_OR_CARIBBEAN_OR_BLACK_BRITISH,0
31/03/2017,06H,E38000026,NHS Cambridgeshire and Peterborough CCG,MIXED_OR_MULTIPLE_ETHNIC_GROUPS,19
31/03/2017,06H,E38000026,NHS Cambridgeshire and Peterborough CCG,NOT_DEFINED,4596
31/03/2017,06H,E38000026,NHS Cambridgeshire and Peterborough CCG,OTHER_ETHNIC_GROUP,23
31/03/2017,06H,E38000026,NHS Cambridgeshire and Peterborough CCG,WHITE,1612
31/03/2017,07R,E38000027,NHS Camden CCG,ASIAN_OR_ASIAN_BRITISH,105
31/03/2017,07R,E38000027,NHS Camden CCG,BLACK_OR_AFRICAN_OR_CARIBBEAN_OR_BLACK_BRITISH,0
31/03/2017,07R,E38000027,NHS Camden CCG,MIXED_OR_MULTIPLE_ETHNIC_GROUPS,10
31/03/2017,07R,E38000027,NHS Camden CCG,NOT_DEFINED,1075
31/03/2017,07R,E38000027,NHS Camden CCG,OTHER_ETHNIC_GROUP,34
31/03/2017,07R,E38000027,NHS Camden CCG,WHITE,102
31/03/2017,04Y,E38000028,NHS Cannock Chase CCG,ASIAN_OR_ASIAN_BRITISH,6
31/03/2017,04Y,E38000028,NHS Cannock Chase CCG,BLACK_OR_AFRICAN_OR_CARIBBEAN_OR_BLACK_BRITISH,0
31/03/2017,04Y,E38000028,NHS Cannock Chase CCG,MIXED_OR_MULTIPLE_ETHNIC_GROUPS,2
31/03/2017,04Y,E38000028,NHS Cannock Chase CCG,NOT_DEFINED,925
31/03/2017,04Y,E38000028,NHS Cannock Chase CCG,OTHER_ETHNIC_GROUP,0
31/03/2017,04Y,E38000028,NHS Cannock Chase CCG,WHITE,174
31/03/2017,09E,E38000029,NHS Canterbury and Coastal CCG,ASIAN_OR_ASIAN_BRITISH,2
31/03/2017,09E,E38000029,NHS Canterbury and Coastal CCG,BLACK_OR_AFRICAN_OR_CARIBBEAN_OR_BLACK_BRITISH,0
31/03/2017,09E,E38000029,NHS Canterbury and Coastal CCG,MIXED_OR_MULTIPLE_ETHNIC_GROUPS,1
31/03/2017,09E,E38000029,NHS Canterbury and Coastal CCG,NOT_DEFINED,1774
31/03/2017,09E,E38000029,NHS Canterbury and Coastal CCG,OTHER_ETHNIC_GROUP,6
31/03/2017,09E,E38000029,NHS Canterbury and Coastal CCG,WHITE,310
31/03/2017,99F,E38000030,NHS Castle Point and Rochford CCG,ASIAN_OR_ASIAN_BRITISH,5
31/03/2017,99F,E38000030,NHS Castle Point and Rochford CCG,BLACK_OR_AFRICAN_OR_CARIBBEAN_OR_BLACK_BRITISH,0
31/03/2017,99F,E38000030,NHS Castle Point and Rochford CCG,MIXED_OR_MULTIPLE_ETHNIC_GROUPS,3
31/03/2017,99F,E38000030,NHS Castle Point and Rochford CCG,NOT_DEFINED,809
31/03/2017,99F,E38000030,NHS Castle Point and Rochford CCG,OTHER_ETHNIC_GROUP,5
31/03/2017,99F,E38000030,NHS Castle Point and Rochford CCG,WHITE,691
31/03/2017,09A,E38000031,NHS Central London (Westminster) CCG,ASIAN_OR_ASIAN_BRITISH,74
31/03/2017,09A,E38000031,NHS Central London (Westminster) CCG,BLACK_OR_AFRICAN_OR_CARIBBEAN_OR_BLACK_BRITISH,0
31/03/2017,09A,E38000031,NHS Central London (Westminster) CCG,MIXED_OR_MULTIPLE_ETHNIC_GROUPS,12
31/03/2017,09A,E38000031,NHS Central London (Westminster) CCG,NOT_DEFINED,499
31/03/2017,09A,E38000031,NHS Central London (Westminster) CCG,OTHER_ETHNIC_GROUP,69
31/03/2017,09A,E38000031,NHS Central London (Westminster) CCG,WHITE,357
31/03/2017,00W,E38000032,NHS Central Manchester CCG,ASIAN_OR_ASIAN_BRITISH,113
31/03/2017,00W,E38000032,NHS Central Manchester CCG,BLACK_OR_AFRICAN_OR_CARIBBEAN_OR_BLACK_BRITISH,0
31/03/2017,00W,E38000032,NHS Central Manchester CCG,MIXED_OR_MULTIPLE_ETHNIC_GROUPS,26
31/03/2017,00W,E38000032,NHS Central Manchester CCG,NOT_DEFINED,584
31/03/2017,00W,E38000032,NHS Central Manchester CCG,OTHER_ETHNIC_GROUP,10
31/03/2017,00W,E38000032,NHS Central Manchester CCG,WHITE,106
31/03/2017,10H,E38000033,NHS Chiltern CCG,ASIAN_OR_ASIAN_BRITISH,62
31/03/2017,10H,E38000033,NHS Chiltern CCG,BLACK_OR_AFRICAN_OR_CARIBBEAN_OR_BLACK_BRITISH,0
31/03/2017,10H,E38000033,NHS Chiltern CCG,MIXED_OR_MULTIPLE_ETHNIC_GROUPS,5
31/03/2017,10H,E38000033,NHS Chiltern CCG,NOT_DEFINED,2321
31/03/2017,10H,E38000033,NHS Chiltern CCG,OTHER_ETHNIC_GROUP,4
31/03/2017,10H,E38000033,NHS Chiltern CCG,WHITE,347
31/03/2017,00X,E38000034,NHS Chorley and South Ribble CCG,ASIAN_OR_ASIAN_BRITISH,7
31/03/2017,00X,E38000034,NHS Chorley and South Ribble CCG,BLACK_OR_AFRICAN_OR_CARIBBEAN_OR_BLACK_BRITISH,0
31/03/2017,00X,E38000034,NHS Chorley and South Ribble CCG,MIXED_OR_MULTIPLE_ETHNIC_GROUPS,2
31/03/2017,00X,E38000034,NHS Chorley and South Ribble CCG,NOT_DEFINED,1175
31/03/2017,00X,E38000034,NHS Chorley and South Ribble CCG,OTHER_ETHNIC_GROUP,0
31/03/2017,00X,E38000034,NHS Chorley and South Ribble CCG,WHITE,259
31/03/2017,07T,E38000035,NHS City and Hackney CCG,ASIAN_OR_ASIAN_BRITISH,63
31/03/2017,07T,E38000035,NHS City and Hackney CCG,BLACK_OR_AFRICAN_OR_CARIBBEAN_OR_BLACK_BRITISH,0
31/03/2017,07T,E38000035,NHS City and Hackney CCG,MIXED_OR_MULTIPLE_ETHNIC_GROUPS,50
31/03/2017,07T,E38000035,NHS City and Hackney CCG,NOT_DEFINED,695
31/03/2017,07T,E38000035,NHS City and Hackney CCG,OTHER_ETHNIC_GROUP,20
31/03/2017,07T,E38000035,NHS City and Hackney CCG,WHITE,121
31/03/2017,03V,E38000037,NHS Corby CCG,ASIAN_OR_ASIAN_BRITISH,2
31/03/2017,03V,E38000037,NHS Corby CCG,BLACK_OR_AFRICAN_OR_CARIBBEAN_OR_BLACK_BRITISH,0
31/03/2017,03V,E38000037,NHS Corby CCG,MIXED_OR_MULTIPLE_ETHNIC_GROUPS,0
31/03/2017,03V,E38000037,NHS Corby CCG,NOT_DEFINED,205
31/03/2017,03V,E38000037,NHS Corby CCG,OTHER_ETHNIC_GROUP,1
31/03/2017,03V,E38000037,NHS Corby CCG,WHITE,347
31/03/2017,05A,E38000038,NHS Coventry and Rugby CCG,ASIAN_OR_ASIAN_BRITISH,146
31/03/2017,05A,E38000038,NHS Coventry and Rugby CCG,BLACK_OR_AFRICAN_OR_CARIBBEAN_OR_BLACK_BRITISH,0
31/03/2017,05A,E38000038,NHS Coventry and Rugby CCG,MIXED_OR_MULTIPLE_ETHNIC_GROUPS,20
31/03/2017,05A,E38000038,NHS Coventry and Rugby CCG,NOT_DEFINED,2249
31/03/2017,05A,E38000038,NHS Coventry and Rugby CCG,OTHER_ETHNIC_GROUP,10
31/03/2017,05A,E38000038,NHS Coventry and Rugby CCG,WHITE,583
31/03/2017,09H,E38000039,NHS Crawley CCG,ASIAN_OR_ASIAN_BRITISH,28
31/03/2017,09H,E38000039,NHS Crawley CCG,BLACK_OR_AFRICAN_OR_CARIBBEAN_OR_BLACK_BRITISH,0
31/03/2017,09H,E38000039,NHS Crawley CCG,MIXED_OR_MULTIPLE_ETHNIC_GROUPS,1
31/03/2017,09H,E38000039,NHS Crawley CCG,NOT_DEFINED,572
31/03/2017,09H,E38000039,NHS Crawley CCG,OTHER_ETHNIC_GROUP,1
31/03/2017,09H,E38000039,NHS Crawley CCG,WHITE,128
31/03/2017,07V,E38000040,NHS Croydon CCG,ASIAN_OR_ASIAN_BRITISH,119
31/03/2017,07V,E38000040,NHS Croydon CCG,BLACK_OR_AFRICAN_OR_CARIBBEAN_OR_BLACK_BRITISH,0
31/03/2017,07V,E38000040,NHS Croydon CCG,MIXED_OR_MULTIPLE_ETHNIC_GROUPS,39
31/03/2017,07V,E38000040,NHS Croydon CCG,NOT_DEFINED,1913
31/03/2017,07V,E38000040,NHS Croydon CCG,OTHER_ETHNIC_GROUP,14
31/03/2017,07V,E38000040,NHS Croydon CCG,WHITE,171
31/03/2017,01H,E38000041,NHS Cumbria CCG,ASIAN_OR_ASIAN_BRITISH,0
31/03/2017,01H,E38000041,NHS Cumbria CCG,BLACK_OR_AFRICAN_OR_CARIBBEAN_OR_BLACK_BRITISH,0
31/03/2017,01H,E38000041,NHS Cumbria CCG,MIXED_OR_MULTIPLE_ETHNIC_GROUPS,1
31/03/2017,01H,E38000041,NHS Cumbria CCG,NOT_DEFINED,4336
31/03/2017,01H,E38000041,NHS Cumbria CCG,OTHER_ETHNIC_GROUP,1
31/03/2017,01H,E38000041,NHS Cumbria CCG,WHITE,654
31/03/2017,00C,E38000042,NHS Darlington CCG,ASIAN_OR_ASIAN_BRITISH,4
31/03/2017,00C,E38000042,NHS Darlington CCG,BLACK_OR_AFRICAN_OR_CARIBBEAN_OR_BLACK_BRITISH,0
31/03/2017,00C,E38000042,NHS Darlington CCG,MIXED_OR_MULTIPLE_ETHNIC_GROUPS,1
31/03/2017,00C,E38000042,NHS Darlington CCG,NOT_DEFINED,456
31/03/2017,00C,E38000042,NHS Darlington CCG,OTHER_ETHNIC_GROUP,2
31/03/2017,00C,E38000042,NHS Darlington CCG,WHITE,625
31/03/2017,09J,E38000043,"NHS Dartford, Gravesham and Swanley CCG",ASIAN_OR_ASIAN_BRITISH,18
31/03/2017,09J,E38000043,"NHS Dartford, Gravesham and Swanley CCG",BLACK_OR_AFRICAN_OR_CARIBBEAN_OR_BLACK_BRITISH,0
31/03/2017,09J,E38000043,"NHS Dartford, Gravesham and Swanley CCG",MIXED_OR_MULTIPLE_ETHNIC_GROUPS,0
31/03/2017,09J,E38000043,"NHS Dartford, Gravesham and Swanley CCG",NOT_DEFINED,1639
31/03/2017,09J,E38000043,"NHS Dartford, Gravesham and Swanley CCG",OTHER_ETHNIC_GROUP,1
31/03/2017,09J,E38000043,"NHS Dartford, Gravesham and Swanley CCG",WHITE,123
31/03/2017,02X,E38000044,NHS Doncaster CCG,ASIAN_OR_ASIAN_BRITISH,11
31/03/2017,02X,E38000044,NHS Doncaster CCG,BLACK_OR_AFRICAN_OR_CARIBBEAN_OR_BLACK_BRITISH,0
31/03/2017,02X,E38000044,NHS Doncaster CCG,MIXED_OR_MULTIPLE_ETHNIC_GROUPS,7
31/03/2017,02X,E38000044,NHS Doncaster CCG,NOT_DEFINED,1521
31/03/2017,02X,E38000044,NHS Doncaster CCG,OTHER_ETHNIC_GROUP,5
31/03/2017,02X,E38000044,NHS Doncaster CCG,WHITE,1204
31/03/2017,11J,E38000045,NHS Dorset CCG,ASIAN_OR_ASIAN_BRITISH,9
31/03/2017,11J,E38000045,NHS Dorset CCG,BLACK_OR_AFRICAN_OR_CARIBBEAN_OR_BLACK_BRITISH,0
31/03/2017,11J,E38000045,NHS Dorset CCG,MIXED_OR_MULTIPLE_ETHNIC_GROUPS,4
31/03/2017,11J,E38000045,NHS Dorset CCG,NOT_DEFINED,7240
31/03/2017,11J,E38000045,NHS Dorset CCG,OTHER_ETHNIC_GROUP,8
31/03/2017,11J,E38000045,NHS Dorset CCG,WHITE,927
31/03/2017,05C,E38000046,NHS Dudley CCG,ASIAN_OR_ASIAN_BRITISH,34
31/03/2017,05C,E38000046,NHS Dudley CCG,BLACK_OR_AFRICAN_OR_CARIBBEAN_OR_BLACK_BRITISH,0
31/03/2017,05C,E38000046,NHS Dudley CCG,MIXED_OR_MULTIPLE_ETHNIC_GROUPS,9
31/03/2017,05C,E38000046,NHS Dudley CCG,NOT_DEFINED,1312
31/03/2017,05C,E38000046,NHS Dudley CCG,OTHER_ETHNIC_GROUP,4
31/03/2017,05C,E38000046,NHS Dudley CCG,WHITE,1128
31/03/2017,00D,E38000047,"NHS Durham Dales, Easington and Sedgefield CCG",ASIAN_OR_ASIAN_BRITISH,4
31/03/2017,00D,E38000047,"NHS Durham Dales, Easington and Sedgefield CCG",BLACK_OR_AFRICAN_OR_CARIBBEAN_OR_BLACK_BRITISH,0
31/03/2017,00D,E38000047,"NHS Durham Dales, Easington and Sedgefield CCG",MIXED_OR_MULTIPLE_ETHNIC_GROUPS,0
31/03/2017,00D,E38000047,"NHS Durham Dales, Easington and Sedgefield CCG",NOT_DEFINED,1389
31/03/2017,00D,E38000047,"NHS Durham Dales, Easington and Sedgefield CCG",OTHER_ETHNIC_GROUP,1
31/03/2017,00D,E38000047,"NHS Durham Dales, Easington and Sedgefield CCG",WHITE,1584
31/03/2017,07W,E38000048,NHS Ealing CCG,ASIAN_OR_ASIAN_BRITISH,391
31/03/2017,07W,E38000048,NHS Ealing CCG,BLACK_OR_AFRICAN_OR_CARIBBEAN_OR_BLACK_BRITISH,1
31/03/2017,07W,E38000048,NHS Ealing CCG,MIXED_OR_MULTIPLE_ETHNIC_GROUPS,60
31/03/2017,07W,E38000048,NHS Ealing CCG,NOT_DEFINED,810
31/03/2017,07W,E38000048,NHS Ealing CCG,OTHER_ETHNIC_GROUP,59
31/03/2017,07W,E38000048,NHS Ealing CCG,WHITE,467
31/03/2017,06K,E38000049,NHS East and North Hertfordshire CCG,ASIAN_OR_ASIAN_BRITISH,41
31/03/2017,06K,E38000049,NHS East and North Hertfordshire CCG,BLACK_OR_AFRICAN_OR_CARIBBEAN_OR_BLACK_BRITISH,0
31/03/2017,06K,E38000049,NHS East and North Hertfordshire CCG,MIXED_OR_MULTIPLE_ETHNIC_GROUPS,18
31/03/2017,06K,E38000049,NHS East and North Hertfordshire CCG,NOT_DEFINED,3245
31/03/2017,06K,E38000049,NHS East and North Hertfordshire CCG,OTHER_ETHNIC_GROUP,18
31/03/2017,06K,E38000049,NHS East and North Hertfordshire CCG,WHITE,866
31/03/2017,01A,E38000050,NHS East Lancashire CCG,ASIAN_OR_ASIAN_BRITISH,85
31/03/2017,01A,E38000050,NHS East Lancashire CCG,BLACK_OR_AFRICAN_OR_CARIBBEAN_OR_BLACK_BRITISH,0
31/03/2017,01A,E38000050,NHS East Lancashire CCG,MIXED_OR_MULTIPLE_ETHNIC_GROUPS,4
31/03/2017,01A,E38000050,NHS East Lancashire CCG,NOT_DEFINED,2146
31/03/2017,01A,E38000050,NHS East Lancashire CCG,OTHER_ETHNIC_GROUP,7
31/03/2017,01A,E38000050,NHS East Lancashire CCG,WHITE,672
31/03/2017,03W,E38000051,NHS East Leicestershire and Rutland CCG,ASIAN_OR_ASIAN_BRITISH,55
31/03/2017,03W,E38000051,NHS East Leicestershire and Rutland CCG,BLACK_OR_AFRICAN_OR_CARIBBEAN_OR_BLACK_BRITISH,0
31/03/2017,03W,E38000051,NHS East Leicestershire and Rutland CCG,MIXED_OR_MULTIPLE_ETHNIC_GROUPS,4
31/03/2017,03W,E38000051,NHS East Leicestershire and Rutland CCG,NOT_DEFINED,1973
31/03/2017,03W,E38000051,NHS East Leicestershire and Rutland CCG,OTHER_ETHNIC_GROUP,6
31/03/2017,03W,E38000051,NHS East Leicestershire and Rutland CCG,WHITE,1016
31/03/2017,02Y,E38000052,NHS East Riding of Yorkshire CCG,ASIAN_OR_ASIAN_BRITISH,1
31/03/2017,02Y,E38000052,NHS East Riding of Yorkshire CCG,BLACK_OR_AFRICAN_OR_CARIBBEAN_OR_BLACK_BRITISH,0
31/03/2017,02Y,E38000052,NHS East Riding of Yorkshire CCG,MIXED_OR_MULTIPLE_ETHNIC_GROUPS,2
31/03/2017,02Y,E38000052,NHS East Riding of Yorkshire CCG,NOT_DEFINED,2606
31/03/2017,02Y,E38000052,NHS East Riding of Yorkshire CCG,OTHER_ETHNIC_GROUP,1
31/03/2017,02Y,E38000052,NHS East Riding of Yorkshire CCG,WHITE,415
31/03/2017,05D,E38000053,NHS East Staffordshire CCG,ASIAN_OR_ASIAN_BRITISH,10
31/03/2017,05D,E38000053,NHS East Staffordshire CCG,BLACK_OR_AFRICAN_OR_CARIBBEAN_OR_BLACK_BRITISH,0
31/03/2017,05D,E38000053,NHS East Staffordshire CCG,MIXED_OR_MULTIPLE_ETHNIC_GROUPS,4
31/03/2017,05D,E38000053,NHS East Staffordshire CCG,NOT_DEFINED,797
31/03/2017,05D,E38000053,NHS East Staffordshire CCG,OTHER_ETHNIC_GROUP,1
31/03/2017,05D,E38000053,NHS East Staffordshire CCG,WHITE,138
31/03/2017,09L,E38000054,NHS East Surrey CCG,ASIAN_OR_ASIAN_BRITISH,4
31/03/2017,09L,E38000054,NHS East Surrey CCG,BLACK_OR_AFRICAN_OR_CARIBBEAN_OR_BLACK_BRITISH,0
31/03/2017,09L,E38000054,NHS East Surrey CCG,MIXED_OR_MULTIPLE_ETHNIC_GROUPS,0
31/03/2017,09L,E38000054,NHS East Surrey CCG,NOT_DEFINED,1397
31/03/2017,09L,E38000054,NHS East Surrey CCG,OTHER_ETHNIC_GROUP,1
31/03/2017,09L,E38000054,NHS East Surrey CCG,WHITE,73
31/03/2017,09F,E38000055,"NHS Eastbourne, Hailsham and Seaford CCG",ASIAN_OR_ASIAN_BRITISH,4
31/03/2017,09F,E38000055,"NHS Eastbourne, Hailsham and Seaford CCG",BLACK_OR_AFRICAN_OR_CARIBBEAN_OR_BLACK_BRITISH,0
31/03/2017,09F,E38000055,"NHS Eastbourne, Hailsham and Seaford CCG",MIXED_OR_MULTIPLE_ETHNIC_GROUPS,0
31/03/2017,09F,E38000055,"NHS Eastbourne, Hailsham and Seaford CCG",NOT_DEFINED,2177
31/03/2017,09F,E38000055,"NHS Eastbourne, Hailsham and Seaford CCG",OTHER_ETHNIC_GROUP,8
31/03/2017,09F,E38000055,"NHS Eastbourne, Hailsham and Seaford CCG",WHITE,291
31/03/2017,01C,E38000056,NHS Eastern Cheshire CCG,ASIAN_OR_ASIAN_BRITISH,8
31/03/2017,01C,E38000056,NHS Eastern Cheshire CCG,BLACK_OR_AFRICAN_OR_CARIBBEAN_OR_BLACK_BRITISH,0
31/03/2017,01C,E38000056,NHS Eastern Cheshire CCG,MIXED_OR_MULTIPLE_ETHNIC_GROUPS,2
31/03/2017,01C,E38000056,NHS Eastern Cheshire CCG,NOT_DEFINED,1830
31/03/2017,01C,E38000056,NHS Eastern Cheshire CCG,OTHER_ETHNIC_GROUP,1
31/03/2017,01C,E38000056,NHS Eastern Cheshire CCG,WHITE,481
31/03/2017,07X,E38000057,NHS Enfield CCG,ASIAN_OR_ASIAN_BRITISH,59
31/03/2017,07X,E38000057,NHS Enfield CCG,BLACK_OR_AFRICAN_OR_CARIBBEAN_OR_BLACK_BRITISH,0
31/03/2017,07X,E38000057,NHS Enfield CCG,MIXED_OR_MULTIPLE_ETHNIC_GROUPS,23
31/03/2017,07X,E38000057,NHS Enfield CCG,NOT_DEFINED,1630
31/03/2017,07X,E38000057,NHS Enfield CCG,OTHER_ETHNIC_GROUP,31
31/03/2017,07X,E38000057,NHS Enfield CCG,WHITE,195
31/03/2017,03X,E38000058,NHS Erewash CCG,ASIAN_OR_ASIAN_BRITISH,4
31/03/2017,03X,E38000058,NHS Erewash CCG,BLACK_OR_AFRICAN_OR_CARIBBEAN_OR_BLACK_BRITISH,0
31/03/2017,03X,E38000058,NHS Erewash CCG,MIXED_OR_MULTIPLE_ETHNIC_GROUPS,0
31/03/2017,03X,E38000058,NHS Erewash CCG,NOT_DEFINED,557
31/03/2017,03X,E38000058,NHS Erewash CCG,OTHER_ETHNIC_GROUP,16
31/03/2017,03X,E38000058,NHS Erewash CCG,WHITE,440
31/03/2017,10K,E38000059,NHS Fareham and Gosport CCG,ASIAN_OR_ASIAN_BRITISH,3
31/03/2017,10K,E38000059,NHS Fareham and Gosport CCG,BLACK_OR_AFRICAN_OR_CARIBBEAN_OR_BLACK_BRITISH,0
31/03/2017,10K,E38000059,NHS Fareham and Gosport CCG,MIXED_OR_MULTIPLE_ETHNIC_GROUPS,3
31/03/2017,10K,E38000059,NHS Fareham and Gosport CCG,NOT_DEFINED,1582
31/03/2017,10K,E38000059,NHS Fareham and Gosport CCG,OTHER_ETHNIC_GROUP,2
31/03/2017,10K,E38000059,NHS Fareham and Gosport CCG,WHITE,297
31/03/2017,02M,E38000060,NHS Fylde & Wyre CCG,ASIAN_OR_ASIAN_BRITISH,1
31/03/2017,02M,E38000060,NHS Fylde & Wyre CCG,BLACK_OR_AFRICAN_OR_CARIBBEAN_OR_BLACK_BRITISH,0
31/03/2017,02M,E38000060,NHS Fylde & Wyre CCG,MIXED_OR_MULTIPLE_ETHNIC_GROUPS,2
31/03/2017,02M,E38000060,NHS Fylde & Wyre CCG,NOT_DEFINED,1382
31/03/2017,02M,E38000060,NHS Fylde & Wyre CCG,OTHER_ETHNIC_GROUP,2
31/03/2017,02M,E38000060,NHS Fylde & Wyre CCG,WHITE,473
31/03/2017,11M,E38000062,NHS Gloucestershire CCG,ASIAN_OR_ASIAN_BRITISH,21
31/03/2017,11M,E38000062,NHS Gloucestershire CCG,BLACK_OR_AFRICAN_OR_CARIBBEAN_OR_BLACK_BRITISH,0
31/03/2017,11M,E38000062,NHS Gloucestershire CCG,MIXED_OR_MULTIPLE_ETHNIC_GROUPS,9
31/03/2017,11M,E38000062,NHS Gloucestershire CCG,NOT_DEFINED,5146
31/03/2017,11M,E38000062,NHS Gloucestershire CCG,OTHER_ETHNIC_GROUP,19
31/03/2017,11M,E38000062,NHS Gloucestershire CCG,WHITE,692
31/03/2017,06M,E38000063,NHS Great Yarmouth and Waveney CCG,ASIAN_OR_ASIAN_BRITISH,1
31/03/2017,06M,E38000063,NHS Great Yarmouth and Waveney CCG,BLACK_OR_AFRICAN_OR_CARIBBEAN_OR_BLACK_BRITISH,0
31/03/2017,06M,E38000063,NHS Great Yarmouth and Waveney CCG,MIXED_OR_MULTIPLE_ETHNIC_GROUPS,0
31/03/2017,06M,E38000063,NHS Great Yarmouth and Waveney CCG,NOT_DEFINED,1697
31/03/2017,06M,E38000063,NHS Great Yarmouth and Waveney CCG,OTHER_ETHNIC_GROUP,1
31/03/2017,06M,E38000063,NHS Great Yarmouth and Waveney CCG,WHITE,569
31/03/2017,03A,E38000064,NHS Greater Huddersfield CCG,ASIAN_OR_ASIAN_BRITISH,84
31/03/2017,03A,E38000064,NHS Greater Huddersfield CCG,BLACK_OR_AFRICAN_OR_CARIBBEAN_OR_BLACK_BRITISH,0
31/03/2017,03A,E38000064,NHS Greater Huddersfield CCG,MIXED_OR_MULTIPLE_ETHNIC_GROUPS,10
31/03/2017,03A,E38000064,NHS Greater Huddersfield CCG,NOT_DEFINED,1403
31/03/2017,03A,E38000064,NHS Greater Huddersfield CCG,OTHER_ETHNIC_GROUP,5
31/03/2017,03A,E38000064,NHS Greater Huddersfield CCG,WHITE,355
31/03/2017,01E,E38000065,NHS Greater Preston CCG,ASIAN_OR_ASIAN_BRITISH,37
31/03/2017,01E,E38000065,NHS Greater Preston CCG,BLACK_OR_AFRICAN_OR_CARIBBEAN_OR_BLACK_BRITISH,0
31/03/2017,01E,E38000065,NHS Greater Preston CCG,MIXED_OR_MULTIPLE_ETHNIC_GROUPS,3
31/03/2017,01E,E38000065,NHS Greater Preston CCG,NOT_DEFINED,1054
31/03/2017,01E,E38000065,NHS Greater Preston CCG,OTHER_ETHNIC_GROUP,3
31/03/2017,01E,E38000065,NHS Greater Preston CCG,WHITE,390
31/03/2017,08A,E38000066,NHS Greenwich CCG,ASIAN_OR_ASIAN_BRITISH,45
31/03/2017,08A,E38000066,NHS Greenwich CCG,BLACK_OR_AFRICAN_OR_CARIBBEAN_OR_BLACK_BRITISH,1
31/03/2017,08A,E38000066,NHS Greenwich CCG,MIXED_OR_MULTIPLE_ETHNIC_GROUPS,9
31/03/2017,08A,E38000066,NHS Greenwich CCG,NOT_DEFINED,1006
31/03/2017,08A,E38000066,NHS Greenwich CCG,OTHER_ETHNIC_GROUP,5
31/03/2017,08A,E38000066,NHS Greenwich CCG,WHITE,153
31/03/2017,01F,E38000068,NHS Halton CCG,ASIAN_OR_ASIAN_BRITISH,1
31/03/2017,01F,E38000068,NHS Halton CCG,BLACK_OR_AFRICAN_OR_CARIBBEAN_OR_BLACK_BRITISH,0
31/03/2017,01F,E38000068,NHS Halton CCG,MIXED_OR_MULTIPLE_ETHNIC_GROUPS,1
31/03/2017,01F,E38000068,NHS Halton CCG,NOT_DEFINED,680
31/03/2017,01F,E38000068,NHS Halton CCG,OTHER_ETHNIC_GROUP,0
31/03/2017,01F,E38000068,NHS Halton CCG,WHITE,277
31/03/2017,03D,E38000069,"NHS Hambleton, Richmondshire and Whitby CCG",ASIAN_OR_ASIAN_BRITISH,0
31/03/2017,03D,E38000069,"NHS Hambleton, Richmondshire and Whitby CCG",BLACK_OR_AFRICAN_OR_CARIBBEAN_OR_BLACK_BRITISH,0
31/03/2017,03D,E38000069,"NHS Hambleton, Richmondshire and Whitby CCG",MIXED_OR_MULTIPLE_ETHNIC_GROUPS,0
31/03/2017,03D,E38000069,"NHS Hambleton, Richmondshire and Whitby CCG",NOT_DEFINED,1056
31/03/2017,03D,E38000069,"NHS Hambleton, Richmondshire and Whitby CCG",OTHER_ETHNIC_GROUP,0
31/03/2017,03D,E38000069,"NHS Hambleton, Richmondshire and Whitby CCG",WHITE,312
31/03/2017,08C,E38000070,NHS Hammersmith and Fulham CCG,ASIAN_OR_ASIAN_BRITISH,56
31/03/2017,08C,E38000070,NHS Hammersmith and Fulham CCG,BLACK_OR_AFRICAN_OR_CARIBBEAN_OR_BLACK_BRITISH,0
31/03/2017,08C,E38000070,NHS Hammersmith and Fulham CCG,MIXED_OR_MULTIPLE_ETHNIC_GROUPS,47
31/03/2017,08C,E38000070,NHS Hammersmith and Fulham CCG,NOT_DEFINED,436
31/03/2017,08C,E38000070,NHS Hammersmith and Fulham CCG,OTHER_ETHNIC_GROUP,65
31/03/2017,08C,E38000070,NHS Hammersmith and Fulham CCG,WHITE,350
31/03/2017,03Y,E38000071,NHS Hardwick CCG,ASIAN_OR_ASIAN_BRITISH,0
31/03/2017,03Y,E38000071,NHS Hardwick CCG,BLACK_OR_AFRICAN_OR_CARIBBEAN_OR_BLACK_BRITISH,0
31/03/2017,03Y,E38000071,NHS Hardwick CCG,MIXED_OR_MULTIPLE_ETHNIC_GROUPS,0
31/03/2017,03Y,E38000071,NHS Hardwick CCG,NOT_DEFINED,729
31/03/2017,03Y,E38000071,NHS Hardwick CCG,OTHER_ETHNIC_GROUP,3
31/03/2017,03Y,E38000071,NHS Hardwick CCG,WHITE,331
31/03/2017,08D,E38000072,NHS Haringey CCG,ASIAN_OR_ASIAN_BRITISH,64
31/03/2017,08D,E38000072,NHS Haringey CCG,BLACK_OR_AFRICAN_OR_CARIBBEAN_OR_BLACK_BRITISH,0
31/03/2017,08D,E38000072,NHS Haringey CCG,MIXED_OR_MULTIPLE_ETHNIC_GROUPS,37
31/03/2017,08D,E38000072,NHS Haringey CCG,NOT_DEFINED,964
31/03/2017,08D,E38000072,NHS Haringey CCG,OTHER_ETHNIC_GROUP,27
31/03/2017,08D,E38000072,NHS Haringey CCG,WHITE,131
31/03/2017,03E,E38000073,NHS Harrogate and Rural District CCG,ASIAN_OR_ASIAN_BRITISH,1
31/03/2017,03E,E38000073,NHS Harrogate and Rural District CCG,BLACK_OR_AFRICAN_OR_CARIBBEAN_OR_BLACK_BRITISH,0
31/03/2017,03E,E38000073,NHS Harrogate and Rural District CCG,MIXED_OR_MULTIPLE_ETHNIC_GROUPS,3
31/03/2017,03E,E38000073,NHS Harrogate and Rural District CCG,NOT_DEFINED,1661
31/03/2017,03E,E38000073,NHS Harrogate and Rural District CCG,OTHER_ETHNIC_GROUP,1
31/03/2017,03E,E38000073,NHS Harrogate and Rural District CCG,WHITE,205
31/03/2017,08E,E38000074,NHS Harrow CCG,ASIAN_OR_ASIAN_BRITISH,313
31/03/2017,08E,E38000074,NHS Harrow CCG,BLACK_OR_AFRICAN_OR_CARIBBEAN_OR_BLACK_BRITISH,0
31/03/2017,08E,E38000074,NHS Harrow CCG,MIXED_OR_MULTIPLE_ETHNIC_GROUPS,22
31/03/2017,08E,E38000074,NHS Harrow CCG,NOT_DEFINED,1206
31/03/2017,08E,E38000074,NHS Harrow CCG,OTHER_ETHNIC_GROUP,22
31/03/2017,08E,E38000074,NHS Harrow CCG,WHITE,109
31/03/2017,00K,E38000075,NHS Hartlepool and Stockton-on-Tees CCG,ASIAN_OR_ASIAN_BRITISH,7
31/03/2017,00K,E38000075,NHS Hartlepool and Stockton-on-Tees CCG,BLACK_OR_AFRICAN_OR_CARIBBEAN_OR_BLACK_BRITISH,0
31/03/2017,00K,E38000075,NHS Hartlepool and Stockton-on-Tees CCG,MIXED_OR_MULTIPLE_ETHNIC_GROUPS,1
31/03/2017,00K,E38000075,NHS Hartlepool and Stockton-on-Tees CCG,NOT_DEFINED,1984
31/03/2017,00K,E38000075,NHS Hartlepool and Stockton-on-Tees CCG,OTHER_ETHNIC_GROUP,0
31/03/2017,00K,E38000075,NHS Hartlepool and Stockton-on-Tees CCG,WHITE,380
31/03/2017,09P,E38000076,NHS Hastings and Rother CCG,ASIAN_OR_ASIAN_BRITISH,8
31/03/2017,09P,E38000076,NHS Hastings and Rother CCG,BLACK_OR_AFRICAN_OR_CARIBBEAN_OR_BLACK_BRITISH,0
31/03/2017,09P,E38000076,NHS Hastings and Rother CCG,MIXED_OR_MULTIPLE_ETHNIC_GROUPS,9
31/03/2017,09P,E38000076,NHS Hastings and Rother CCG,NOT_DEFINED,1706
31/03/2017,09P,E38000076,NHS Hastings and Rother CCG,OTHER_ETHNIC_GROUP,5
31/03/2017,09P,E38000076,NHS Hastings and Rother CCG,WHITE,342
31/03/2017,08F,E38000077,NHS Havering CCG,ASIAN_OR_ASIAN_BRITISH,12
31/03/2017,08F,E38000077,NHS Havering CCG,BLACK_OR_AFRICAN_OR_CARIBBEAN_OR_BLACK_BRITISH,0
31/03/2017,08F,E38000077,NHS Havering CCG,MIXED_OR_MULTIPLE_ETHNIC_GROUPS,2
31/03/2017,08F,E38000077,NHS Havering CCG,NOT_DEFINED,1770
31/03/2017,08F,E38000077,NHS Havering CCG,OTHER_ETHNIC_GROUP,2
31/03/2017,08F,E38000077,NHS Havering CCG,WHITE,177
31/03/2017,05F,E38000078,NHS Herefordshire CCG,ASIAN_OR_ASIAN_BRITISH,1
31/03/2017,05F,E38000078,NHS Herefordshire CCG,BLACK_OR_AFRICAN_OR_CARIBBEAN_OR_BLACK_BRITISH,0
31/03/2017,05F,E38000078,NHS Herefordshire CCG,MIXED_OR_MULTIPLE_ETHNIC_GROUPS,1
31/03/2017,05F,E38000078,NHS Herefordshire CCG,NOT_DEFINED,1333
31/03/2017,05F,E38000078,NHS Herefordshire CCG,OTHER_ETHNIC_GROUP,6
31/03/2017,05F,E38000078,NHS Herefordshire CCG,WHITE,413
31/03/2017,06N,E38000079,NHS Herts Valleys CCG,ASIAN_OR_ASIAN_BRITISH,72
31/03/2017,06N,E38000079,NHS Herts Valleys CCG,BLACK_OR_AFRICAN_OR_CARIBBEAN_OR_BLACK_BRITISH,0
31/03/2017,06N,E38000079,NHS Herts Valleys CCG,MIXED_OR_MULTIPLE_ETHNIC_GROUPS,14
31/03/2017,06N,E38000079,NHS Herts Valleys CCG,NOT_DEFINED,3892
31/03/2017,06N,E38000079,NHS Herts Valleys CCG,OTHER_ETHNIC_GROUP,12
31/03/2017,06N,E38000079,NHS Herts Valleys CCG,WHITE,586
31/03/2017,01D,E38000080,"NHS Heywood, Middleton and Rochdale CCG",ASIAN_OR_ASIAN_BRITISH,83
31/03/2017,01D,E38000080,"NHS Heywood, Middleton and Rochdale CCG",BLACK_OR_AFRICAN_OR_CARIBBEAN_OR_BLACK_BRITISH,0
31/03/2017,01D,E38000080,"NHS Heywood, Middleton and Rochdale CCG",MIXED_OR_MULTIPLE_ETHNIC_GROUPS,0
31/03/2017,01D,E38000080,"NHS Heywood, Middleton and Rochdale CCG",NOT_DEFINED,1165
31/03/2017,01D,E38000080,"NHS Heywood, Middleton and Rochdale CCG",OTHER_ETHNIC_GROUP,2
31/03/2017,01D,E38000080,"NHS Heywood, Middleton and Rochdale CCG",WHITE,246
31/03/2017,99K,E38000081,NHS High Weald Lewes Havens CCG,ASIAN_OR_ASIAN_BRITISH,3
31/03/2017,99K,E38000081,NHS High Weald Lewes Havens CCG,BLACK_OR_AFRICAN_OR_CARIBBEAN_OR_BLACK_BRITISH,0
31/03/2017,99K,E38000081,NHS High Weald Lewes Havens CCG,MIXED_OR_MULTIPLE_ETHNIC_GROUPS,0
31/03/2017,99K,E38000081,NHS High Weald Lewes Havens CCG,NOT_DEFINED,1521
31/03/2017,99K,E38000081,NHS High Weald Lewes Havens CCG,OTHER_ETHNIC_GROUP,0
31/03/2017,99K,E38000081,NHS High Weald Lewes Havens CCG,WHITE,164
31/03/2017,08G,E38000082,NHS Hillingdon CCG,ASIAN_OR_ASIAN_BRITISH,175
31/03/2017,08G,E38000082,NHS Hillingdon CCG,BLACK_OR_AFRICAN_OR_CARIBBEAN_OR_BLACK_BRITISH,0
31/03/2017,08G,E38000082,NHS Hillingdon CCG,MIXED_OR_MULTIPLE_ETHNIC_GROUPS,24
31/03/2017,08G,E38000082,NHS Hillingdon CCG,NOT_DEFINED,1152
31/03/2017,08G,E38000082,NHS Hillingdon CCG,OTHER_ETHNIC_GROUP,14
31/03/2017,08G,E38000082,NHS Hillingdon CCG,WHITE,413
31/03/2017,09X,E38000083,NHS Horsham and Mid Sussex CCG,ASIAN_OR_ASIAN_BRITISH,6
31/03/2017,09X,E38000083,NHS Horsham and Mid Sussex CCG,BLACK_OR_AFRICAN_OR_CARIBBEAN_OR_BLACK_BRITISH,0
31/03/2017,09X,E38000083,NHS Horsham and Mid Sussex CCG,MIXED_OR_MULTIPLE_ETHNIC_GROUPS,2
31/03/2017,09X,E38000083,NHS Horsham and Mid Sussex CCG,NOT_DEFINED,1986
31/03/2017,09X,E38000083,NHS Horsham and Mid Sussex CCG,OTHER_ETHNIC_GROUP,3
31/03/2017,09X,E38000083,NHS Horsham and Mid Sussex CCG,WHITE,192
31/03/2017,07Y,E38000084,NHS Hounslow CCG,ASIAN_OR_ASIAN_BRITISH,278
31/03/2017,07Y,E38000084,NHS Hounslow CCG,BLACK_OR_AFRICAN_OR_CARIBBEAN_OR_BLACK_BRITISH,0
31/03/2017,07Y,E38000084,NHS Hounslow CCG,MIXED_OR_MULTIPLE_ETHNIC_GROUPS,15
31/03/2017,07Y,E38000084,NHS Hounslow CCG,NOT_DEFINED,703
31/03/2017,07Y,E38000084,NHS Hounslow CCG,OTHER_ETHNIC_GROUP,29
31/03/2017,07Y,E38000084,NHS Hounslow CCG,WHITE,394
31/03/2017,03F,E38000085,NHS Hull CCG,ASIAN_OR_ASIAN_BRITISH,3
31/03/2017,03F,E38000085,NHS Hull CCG,BLACK_OR_AFRICAN_OR_CARIBBEAN_OR_BLACK_BRITISH,0
31/03/2017,03F,E38000085,NHS Hull CCG,MIXED_OR_MULTIPLE_ETHNIC_GROUPS,0
31/03/2017,03F,E38000085,NHS Hull CCG,NOT_DEFINED,1665
31/03/2017,03F,E38000085,NHS Hull CCG,OTHER_ETHNIC_GROUP,0
31/03/2017,03F,E38000085,NHS Hull CCG,WHITE,273
31/03/2017,06L,E38000086,NHS Ipswich and East Suffolk CCG,ASIAN_OR_ASIAN_BRITISH,13
31/03/2017,06L,E38000086,NHS Ipswich and East Suffolk CCG,BLACK_OR_AFRICAN_OR_CARIBBEAN_OR_BLACK_BRITISH,0
31/03/2017,06L,E38000086,NHS Ipswich and East Suffolk CCG,MIXED_OR_MULTIPLE_ETHNIC_GROUPS,11
31/03/2017,06L,E38000086,NHS Ipswich and East Suffolk CCG,NOT_DEFINED,2843
31/03/2017,06L,E38000086,NHS Ipswich and East Suffolk CCG,OTHER_ETHNIC_GROUP,5
31/03/2017,06L,E38000086,NHS Ipswich and East Suffolk CCG,WHITE,935
31/03/2017,10L,E38000087,NHS Isle of Wight CCG,ASIAN_OR_ASIAN_BRITISH,0
31/03/2017,10L,E38000087,NHS Isle of Wight CCG,BLACK_OR_AFRICAN_OR_CARIBBEAN_OR_BLACK_BRITISH,0
31/03/2017,10L,E38000087,NHS Isle of Wight CCG,MIXED_OR_MULTIPLE_ETHNIC_GROUPS,0
31/03/2017,10L,E38000087,NHS Isle of Wight CCG,NOT_DEFINED,1787
31/03/2017,10L,E38000087,NHS Isle of Wight CCG,OTHER_ETHNIC_GROUP,2
31/03/2017,10L,E38000087,NHS Isle of Wight CCG,WHITE,87
31/03/2017,08H,E38000088,NHS Islington CCG,ASIAN_OR_ASIAN_BRITISH,59
31/03/2017,08H,E38000088,NHS Islington CCG,BLACK_OR_AFRICAN_OR_CARIBBEAN_OR_BLACK_BRITISH,0
31/03/2017,08H,E38000088,NHS Islington CCG,MIXED_OR_MULTIPLE_ETHNIC_GROUPS,36
31/03/2017,08H,E38000088,NHS Islington CCG,NOT_DEFINED,969
31/03/2017,08H,E38000088,NHS Islington CCG,OTHER_ETHNIC_GROUP,10
31/03/2017,08H,E38000088,NHS Islington CCG,WHITE,114
31/03/2017,11N,E38000089,NHS Kernow CCG,ASIAN_OR_ASIAN_BRITISH,5
31/03/2017,11N,E38000089,NHS Kernow CCG,BLACK_OR_AFRICAN_OR_CARIBBEAN_OR_BLACK_BRITISH,0
31/03/2017,11N,E38000089,NHS Kernow CCG,MIXED_OR_MULTIPLE_ETHNIC_GROUPS,1
31/03/2017,11N,E38000089,NHS Kernow CCG,NOT_DEFINED,4480
31/03/2017,11N,E38000089,NHS Kernow CCG,OTHER_ETHNIC_GROUP,1
31/03/2017,11N,E38000089,NHS Kernow CCG,WHITE,419
31/03/2017,08J,E38000090,NHS Kingston CCG,ASIAN_OR_ASIAN_BRITISH,12
31/03/2017,08J,E38000090,NHS Kingston CCG,BLACK_OR_AFRICAN_OR_CARIBBEAN_OR_BLACK_BRITISH,0
31/03/2017,08J,E38000090,NHS Kingston CCG,MIXED_OR_MULTIPLE_ETHNIC_GROUPS,2
31/03/2017,08J,E38000090,NHS Kingston CCG,NOT_DEFINED,935
31/03/2017,08J,E38000090,NHS Kingston CCG,OTHER_ETHNIC_GROUP,6
31/03/2017,08J,E38000090,NHS Kingston CCG,WHITE,77
31/03/2017,01J,E38000091,NHS Knowsley CCG,ASIAN_OR_ASIAN_BRITISH,2
31/03/2017,01J,E38000091,NHS Knowsley CCG,BLACK_OR_AFRICAN_OR_CARIBBEAN_OR_BLACK_BRITISH,0
31/03/2017,01J,E38000091,NHS Knowsley CCG,MIXED_OR_MULTIPLE_ETHNIC_GROUPS,1
31/03/2017,01J,E38000091,NHS Knowsley CCG,NOT_DEFINED,993
31/03/2017,01J,E38000091,NHS Knowsley CCG,OTHER_ETHNIC_GROUP,0
31/03/2017,01J,E38000091,NHS Knowsley CCG,WHITE,252
31/03/2017,08K,E38000092,NHS Lambeth CCG,ASIAN_OR_ASIAN_BRITISH,66
31/03/2017,08K,E38000092,NHS Lambeth CCG,BLACK_OR_AFRICAN_OR_CARIBBEAN_OR_BLACK_BRITISH,0
31/03/2017,08K,E38000092,NHS Lambeth CCG,MIXED_OR_MULTIPLE_ETHNIC_GROUPS,45
31/03/2017,08K,E38000092,NHS Lambeth CCG,NOT_DEFINED,1091
31/03/2017,08K,E38000092,NHS Lambeth CCG,OTHER_ETHNIC_GROUP,17
31/03/2017,08K,E38000092,NHS Lambeth CCG,WHITE,152
31/03/2017,01K,E38000093,NHS Lancashire North CCG,ASIAN_OR_ASIAN_BRITISH,7
31/03/2017,01K,E38000093,NHS Lancashire North CCG,BLACK_OR_AFRICAN_OR_CARIBBEAN_OR_BLACK_BRITISH,0
31/03/2017,01K,E38000093,NHS Lancashire North CCG,MIXED_OR_MULTIPLE_ETHNIC_GROUPS,1
31/03/2017,01K,E38000093,NHS Lancashire North CCG,NOT_DEFINED,1206
31/03/2017,01K,E38000093,NHS Lancashire North CCG,OTHER_ETHNIC_GROUP,0
31/03/2017,01K,E38000093,NHS Lancashire North CCG,WHITE,268
31/03/2017,02V,E38000094,NHS Leeds North CCG,ASIAN_OR_ASIAN_BRITISH,54
31/03/2017,02V,E38000094,NHS Leeds North CCG,BLACK_OR_AFRICAN_OR_CARIBBEAN_OR_BLACK_BRITISH,0
31/03/2017,02V,E38000094,NHS Leeds North CCG,MIXED_OR_MULTIPLE_ETHNIC_GROUPS,25
31/03/2017,02V,E38000094,NHS Leeds North CCG,NOT_DEFINED,963
31/03/2017,02V,E38000094,NHS Leeds North CCG,OTHER_ETHNIC_GROUP,14
31/03/2017,02V,E38000094,NHS Leeds North CCG,WHITE,551
31/03/2017,03G,E38000095,NHS Leeds South and East CCG,ASIAN_OR_ASIAN_BRITISH,37
31/03/2017,03G,E38000095,NHS Leeds South and East CCG,BLACK_OR_AFRICAN_OR_CARIBBEAN_OR_BLACK_BRITISH,0
31/03/2017,03G,E38000095,NHS Leeds South and East CCG,MIXED_OR_MULTIPLE_ETHNIC_GROUPS,11
31/03/2017,03G,E38000095,NHS Leeds South and East CCG,NOT_DEFINED,1340
31/03/2017,03G,E38000095,NHS Leeds South and East CCG,OTHER_ETHNIC_GROUP,11
31/03/2017,03G,E38000095,NHS Leeds South and East CCG,WHITE,697
31/03/2017,03C,E38000096,NHS Leeds West CCG,ASIAN_OR_ASIAN_BRITISH,50
31/03/2017,03C,E38000096,NHS Leeds West CCG,BLACK_OR_AFRICAN_OR_CARIBBEAN_OR_BLACK_BRITISH,0
31/03/2017,03C,E38000096,NHS Leeds West CCG,MIXED_OR_MULTIPLE_ETHNIC_GROUPS,7
31/03/2017,03C,E38000096,NHS Leeds West CCG,NOT_DEFINED,1600
31/03/2017,03C,E38000096,NHS Leeds West CCG,OTHER_ETHNIC_GROUP,7
31/03/2017,03C,E38000096,NHS Leeds West CCG,WHITE,738
31/03/2017,04C,E38000097,NHS Leicester City CCG,ASIAN_OR_ASIAN_BRITISH,483
31/03/2017,04C,E38000097,NHS Leicester City CCG,BLACK_OR_AFRICAN_OR_CARIBBEAN_OR_BLACK_BRITISH,1
31/03/2017,04C,E38000097,NHS Leicester City CCG,MIXED_OR_MULTIPLE_ETHNIC_GROUPS,37
31/03/2017,04C,E38000097,NHS Leicester City CCG,NOT_DEFINED,798
31/03/2017,04C,E38000097,NHS Leicester City CCG,OTHER_ETHNIC_GROUP,8
31/03/2017,04C,E38000097,NHS Leicester City CCG,WHITE,1084
31/03/2017,08L,E38000098,NHS Lewisham CCG,ASIAN_OR_ASIAN_BRITISH,42
31/03/2017,08L,E38000098,NHS Lewisham CCG,BLACK_OR_AFRICAN_OR_CARIBBEAN_OR_BLACK_BRITISH,0
31/03/2017,08L,E38000098,NHS Lewisham CCG,MIXED_OR_MULTIPLE_ETHNIC_GROUPS,41
31/03/2017,08L,E38000098,NHS Lewisham CCG,NOT_DEFINED,1033
31/03/2017,08L,E38000098,NHS Lewisham CCG,OTHER_ETHNIC_GROUP,25
31/03/2017,08L,E38000098,NHS Lewisham CCG,WHITE,281
31/03/2017,03T,E38000099,NHS Lincolnshire East CCG,ASIAN_OR_ASIAN_BRITISH,0
31/03/2017,03T,E38000099,NHS Lincolnshire East CCG,BLACK_OR_AFRICAN_OR_CARIBBEAN_OR_BLACK_BRITISH,0
31/03/2017,03T,E38000099,NHS Lincolnshire East CCG,MIXED_OR_MULTIPLE_ETHNIC_GROUPS,1
31/03/2017,03T,E38000099,NHS Lincolnshire East CCG,NOT_DEFINED,1193
31/03/2017,03T,E38000099,NHS Lincolnshire East CCG,OTHER_ETHNIC_GROUP,6
31/03/2017,03T,E38000099,NHS Lincolnshire East CCG,WHITE,1316
31/03/2017,04D,E38000100,NHS Lincolnshire West CCG,ASIAN_OR_ASIAN_BRITISH,3
31/03/2017,04D,E38000100,NHS Lincolnshire West CCG,BLACK_OR_AFRICAN_OR_CARIBBEAN_OR_BLACK_BRITISH,0
31/03/2017,04D,E38000100,NHS Lincolnshire West CCG,MIXED_OR_MULTIPLE_ETHNIC_GROUPS,1
31/03/2017,04D,E38000100,NHS Lincolnshire West CCG,NOT_DEFINED,898
31/03/2017,04D,E38000100,NHS Lincolnshire West CCG,OTHER_ETHNIC_GROUP,3
31/03/2017,04D,E38000100,NHS Lincolnshire West CCG,WHITE,1020
31/03/2017,99A,E38000101,NHS Liverpool CCG,ASIAN_OR_ASIAN_BRITISH,14
31/03/2017,99A,E38000101,NHS Liverpool CCG,BLACK_OR_AFRICAN_OR_CARIBBEAN_OR_BLACK_BRITISH,0
31/03/2017,99A,E38000101,NHS Liverpool CCG,MIXED_OR_MULTIPLE_ETHNIC_GROUPS,1
31/03/2017,99A,E38000101,NHS Liverpool CCG,NOT_DEFINED,2734
31/03/2017,99A,E38000101,NHS Liverpool CCG,OTHER_ETHNIC_GROUP,7
31/03/2017,99A,E38000101,NHS Liverpool CCG,WHITE,456
31/03/2017,06P,E38000102,NHS Luton CCG,ASIAN_OR_ASIAN_BRITISH,110
31/03/2017,06P,E38000102,NHS Luton CCG,BLACK_OR_AFRICAN_OR_CARIBBEAN_OR_BLACK_BRITISH,0
31/03/2017,06P,E38000102,NHS Luton CCG,MIXED_OR_MULTIPLE_ETHNIC_GROUPS,24
31/03/2017,06P,E38000102,NHS Luton CCG,NOT_DEFINED,568
31/03/2017,06P,E38000102,NHS Luton CCG,OTHER_ETHNIC_GROUP,23
31/03/2017,06P,E38000102,NHS Luton CCG,WHITE,420
31/03/2017,04E,E38000103,NHS Mansfield and Ashfield CCG,ASIAN_OR_ASIAN_BRITISH,3
31/03/2017,04E,E38000103,NHS Mansfield and Ashfield CCG,BLACK_OR_AFRICAN_OR_CARIBBEAN_OR_BLACK_BRITISH,0
31/03/2017,04E,E38000103,NHS Mansfield and Ashfield CCG,MIXED_OR_MULTIPLE_ETHNIC_GROUPS,4
31/03/2017,04E,E38000103,NHS Mansfield and Ashfield CCG,NOT_DEFINED,809
31/03/2017,04E,E38000103,NHS Mansfield and Ashfield CCG,OTHER_ETHNIC_GROUP,8
31/03/2017,04E,E38000103,NHS Mansfield and Ashfield CCG,WHITE,828
31/03/2017,09W,E38000104,NHS Medway CCG,ASIAN_OR_ASIAN_BRITISH,13
31/03/2017,09W,E38000104,NHS Medway CCG,BLACK_OR_AFRICAN_OR_CARIBBEAN_OR_BLACK_BRITISH,0
31/03/2017,09W,E38000104,NHS Medway CCG,MIXED_OR_MULTIPLE_ETHNIC_GROUPS,3
31/03/2017,09W,E38000104,NHS Medway CCG,NOT_DEFINED,1333
31/03/2017,09W,E38000104,NHS Medway CCG,OTHER_ETHNIC_GROUP,3
31/03/2017,09W,E38000104,NHS Medway CCG,WHITE,243
31/03/2017,08R,E38000105,NHS Merton CCG,ASIAN_OR_ASIAN_BRITISH,73
31/03/2017,08R,E38000105,NHS Merton CCG,BLACK_OR_AFRICAN_OR_CARIBBEAN_OR_BLACK_BRITISH,0
31/03/2017,08R,E38000105,NHS Merton CCG,MIXED_OR_MULTIPLE_ETHNIC_GROUPS,17
31/03/2017,08R,E38000105,NHS Merton CCG,NOT_DEFINED,1058
31/03/2017,08R,E38000105,NHS Merton CCG,OTHER_ETHNIC_GROUP,8
31/03/2017,08R,E38000105,NHS Merton CCG,WHITE,88
31/03/2017,06Q,E38000106,NHS Mid Essex CCG,ASIAN_OR_ASIAN_BRITISH,13
31/03/2017,06Q,E38000106,NHS Mid Essex CCG,BLACK_OR_AFRICAN_OR_CARIBBEAN_OR_BLACK_BRITISH,0
31/03/2017,06Q,E38000106,NHS Mid Essex CCG,MIXED_OR_MULTIPLE_ETHNIC_GROUPS,6
31/03/2017,06Q,E38000106,NHS Mid Essex CCG,NOT_DEFINED,838
31/03/2017,06Q,E38000106,NHS Mid Essex CCG,OTHER_ETHNIC_GROUP,19
31/03/2017,06Q,E38000106,NHS Mid Essex CCG,WHITE,2018
31/03/2017,04F,E38000107,NHS Milton Keynes CCG,ASIAN_OR_ASIAN_BRITISH,15
31/03/2017,04F,E38000107,NHS Milton Keynes CCG,BLACK_OR_AFRICAN_OR_CARIBBEAN_OR_BLACK_BRITISH,0
31/03/2017,04F,E38000107,NHS Milton Keynes CCG,MIXED_OR_MULTIPLE_ETHNIC_GROUPS,7
31/03/2017,04F,E38000107,NHS Milton Keynes CCG,NOT_DEFINED,966
31/03/2017,04F,E38000107,NHS Milton Keynes CCG,OTHER_ETHNIC_GROUP,2
31/03/2017,04F,E38000107,NHS Milton Keynes CCG,WHITE,227
31/03/2017,04G,E38000108,NHS Nene CCG,ASIAN_OR_ASIAN_BRITISH,45
31/03/2017,04G,E38000108,NHS Nene CCG,BLACK_OR_AFRICAN_OR_CARIBBEAN_OR_BLACK_BRITISH,0
31/03/2017,04G,E38000108,NHS Nene CCG,MIXED_OR_MULTIPLE_ETHNIC_GROUPS,29
31/03/2017,04G,E38000108,NHS Nene CCG,NOT_DEFINED,2675
31/03/2017,04G,E38000108,NHS Nene CCG,OTHER_ETHNIC_GROUP,17
31/03/2017,04G,E38000108,NHS Nene CCG,WHITE,1884
31/03/2017,04H,E38000109,NHS Newark & Sherwood CCG,ASIAN_OR_ASIAN_BRITISH,4
31/03/2017,04H,E38000109,NHS Newark & Sherwood CCG,BLACK_OR_AFRICAN_OR_CARIBBEAN_OR_BLACK_BRITISH,0
31/03/2017,04H,E38000109,NHS Newark & Sherwood CCG,MIXED_OR_MULTIPLE_ETHNIC_GROUPS,1
31/03/2017,04H,E38000109,NHS Newark & Sherwood CCG,NOT_DEFINED,757
31/03/2017,04H,E38000109,NHS Newark & Sherwood CCG,OTHER_ETHNIC_GROUP,2
31/03/2017,04H,E38000109,NHS Newark & Sherwood CCG,WHITE,428
31/03/2017,10M,E38000110,NHS Newbury and District CCG,ASIAN_OR_ASIAN_BRITISH,0
31/03/2017,10M,E38000110,NHS Newbury and District CCG,BLACK_OR_AFRICAN_OR_CARIBBEAN_OR_BLACK_BRITISH,0
31/03/2017,10M,E38000110,NHS Newbury and District CCG,MIXED_OR_MULTIPLE_ETHNIC_GROUPS,0
31/03/2017,10M,E38000110,NHS Newbury and District CCG,NOT_DEFINED,600
31/03/2017,10M,E38000110,NHS Newbury and District CCG,OTHER_ETHNIC_GROUP,0
31/03/2017,10M,E38000110,NHS Newbury and District CCG,WHITE,173
31/03/2017,08M,E38000113,NHS Newham CCG,ASIAN_OR_ASIAN_BRITISH,228
31/03/2017,08M,E38000113,NHS Newham CCG,BLACK_OR_AFRICAN_OR_CARIBBEAN_OR_BLACK_BRITISH,0
31/03/2017,08M,E38000113,NHS Newham CCG,MIXED_OR_MULTIPLE_ETHNIC_GROUPS,31
31/03/2017,08M,E38000113,NHS Newham CCG,NOT_DEFINED,559
31/03/2017,08M,E38000113,NHS Newham CCG,OTHER_ETHNIC_GROUP,12
31/03/2017,08M,E38000113,NHS Newham CCG,WHITE,192
31/03/2017,10N,E38000114,NHS North & West Reading CCG,ASIAN_OR_ASIAN_BRITISH,2
31/03/2017,10N,E38000114,NHS North & West Reading CCG,BLACK_OR_AFRICAN_OR_CARIBBEAN_OR_BLACK_BRITISH,0
31/03/2017,10N,E38000114,NHS North & West Reading CCG,MIXED_OR_MULTIPLE_ETHNIC_GROUPS,1
31/03/2017,10N,E38000114,NHS North & West Reading CCG,NOT_DEFINED,581
31/03/2017,10N,E38000114,NHS North & West Reading CCG,OTHER_ETHNIC_GROUP,16
31/03/2017,10N,E38000114,NHS North & West Reading CCG,WHITE,170
31/03/2017,04J,E38000115,NHS North Derbyshire CCG,ASIAN_OR_ASIAN_BRITISH,5
31/03/2017,04J,E38000115,NHS North Derbyshire CCG,BLACK_OR_AFRICAN_OR_CARIBBEAN_OR_BLACK_BRITISH,0
31/03/2017,04J,E38000115,NHS North Derbyshire CCG,MIXED_OR_MULTIPLE_ETHNIC_GROUPS,4
31/03/2017,04J,E38000115,NHS North Derbyshire CCG,NOT_DEFINED,1991
31/03/2017,04J,E38000115,NHS North Derbyshire CCG,OTHER_ETHNIC_GROUP,21
31/03/2017,04J,E38000115,NHS North Derbyshire CCG,WHITE,790
31/03/2017,00J,E38000116,NHS North Durham CCG,ASIAN_OR_ASIAN_BRITISH,6
31/03/2017,00J,E38000116,NHS North Durham CCG,BLACK_OR_AFRICAN_OR_CARIBBEAN_OR_BLACK_BRITISH,0
31/03/2017,00J,E38000116,NHS North Durham CCG,MIXED_OR_MULTIPLE_ETHNIC_GROUPS,1
31/03/2017,00J,E38000116,NHS North Durham CCG,NOT_DEFINED,1056
31/03/2017,00J,E38000116,NHS North Durham CCG,OTHER_ETHNIC_GROUP,2
31/03/2017,00J,E38000116,NHS North Durham CCG,WHITE,1002
31/03/2017,06T,E38000117,NHS North East Essex CCG,ASIAN_OR_ASIAN_BRITISH,7
31/03/2017,06T,E38000117,NHS North East Essex CCG,BLACK_OR_AFRICAN_OR_CARIBBEAN_OR_BLACK_BRITISH,0
31/03/2017,06T,E38000117,NHS North East Essex CCG,MIXED_OR_MULTIPLE_ETHNIC_GROUPS,2
31/03/2017,06T,E38000117,NHS North East Essex CCG,NOT_DEFINED,1413
31/03/2017,06T,E38000117,NHS North East Essex CCG,OTHER_ETHNIC_GROUP,3
31/03/2017,06T,E38000117,NHS North East Essex CCG,WHITE,812
31/03/2017,99M,E38000118,NHS North East Hampshire and Farnham CCG,ASIAN_OR_ASIAN_BRITISH,7
31/03/2017,99M,E38000118,NHS North East Hampshire and Farnham CCG,BLACK_OR_AFRICAN_OR_CARIBBEAN_OR_BLACK_BRITISH,0
31/03/2017,99M,E38000118,NHS North East Hampshire and Farnham CCG,MIXED_OR_MULTIPLE_ETHNIC_GROUPS,6
31/03/2017,99M,E38000118,NHS North East Hampshire and Farnham CCG,NOT_DEFINED,1300
31/03/2017,99M,E38000118,NHS North East Hampshire and Farnham CCG,OTHER_ETHNIC_GROUP,2
31/03/2017,99M,E38000118,NHS North East Hampshire and Farnham CCG,WHITE,288
31/03/2017,03H,E38000119,NHS North East Lincolnshire CCG,ASIAN_OR_ASIAN_BRITISH,1
31/03/2017,03H,E38000119,NHS North East Lincolnshire CCG,BLACK_OR_AFRICAN_OR_CARIBBEAN_OR_BLACK_BRITISH,0
31/03/2017,03H,E38000119,NHS North East Lincolnshire CCG,MIXED_OR_MULTIPLE_ETHNIC_GROUPS,0
31/03/2017,03H,E38000119,NHS North East Lincolnshire CCG,NOT_DEFINED,1093
31/03/2017,03H,E38000119,NHS North East Lincolnshire CCG,OTHER_ETHNIC_GROUP,4
31/03/2017,03H,E38000119,NHS North East Lincolnshire CCG,WHITE,330
31/03/2017,10J,E38000120,NHS North Hampshire CCG,ASIAN_OR_ASIAN_BRITISH,8
31/03/2017,10J,E38000120,NHS North Hampshire CCG,BLACK_OR_AFRICAN_OR_CARIBBEAN_OR_BLACK_BRITISH,0
31/03/2017,10J,E38000120,NHS North Hampshire CCG,MIXED_OR_MULTIPLE_ETHNIC_GROUPS,2
31/03/2017,10J,E38000120,NHS North Hampshire CCG,NOT_DEFINED,1461
31/03/2017,10J,E38000120,NHS North Hampshire CCG,OTHER_ETHNIC_GROUP,2
31/03/2017,10J,E38000120,NHS North Hampshire CCG,WHITE,154
31/03/2017,03J,E38000121,NHS North Kirklees CCG,ASIAN_OR_ASIAN_BRITISH,119
31/03/2017,03J,E38000121,NHS North Kirklees CCG,BLACK_OR_AFRICAN_OR_CARIBBEAN_OR_BLACK_BRITISH,0
31/03/2017,03J,E38000121,NHS North Kirklees CCG,MIXED_OR_MULTIPLE_ETHNIC_GROUPS,5
31/03/2017,03J,E38000121,NHS North Kirklees CCG,NOT_DEFINED,973
31/03/2017,03J,E38000121,NHS North Kirklees CCG,OTHER_ETHNIC_GROUP,0
31/03/2017,03J,E38000121,NHS North Kirklees CCG,WHITE,234
31/03/2017,03K,E38000122,NHS North Lincolnshire CCG,ASIAN_OR_ASIAN_BRITISH,7
31/03/2017,03K,E38000122,NHS North Lincolnshire CCG,BLACK_OR_AFRICAN_OR_CARIBBEAN_OR_BLACK_BRITISH,0
31/03/2017,03K,E38000122,NHS North Lincolnshire CCG,MIXED_OR_MULTIPLE_ETHNIC_GROUPS,0
31/03/2017,03K,E38000122,NHS North Lincolnshire CCG,NOT_DEFINED,1055
31/03/2017,03K,E38000122,NHS North Lincolnshire CCG,OTHER_ETHNIC_GROUP,2
31/03/2017,03K,E38000122,NHS North Lincolnshire CCG,WHITE,298
31/03/2017,01M,E38000123,NHS North Manchester CCG,ASIAN_OR_ASIAN_BRITISH,51
31/03/2017,01M,E38000123,NHS North Manchester CCG,BLACK_OR_AFRICAN_OR_CARIBBEAN_OR_BLACK_BRITISH,0
31/03/2017,01M,E38000123,NHS North Manchester CCG,MIXED_OR_MULTIPLE_ETHNIC_GROUPS,6
31/03/2017,01M,E38000123,NHS North Manchester CCG,NOT_DEFINED,737
31/03/2017,01M,E38000123,NHS North Manchester CCG,OTHER_ETHNIC_GROUP,3
31/03/2017,01M,E38000123,NHS North Manchester CCG,WHITE,284
31/03/2017,06V,E38000124,NHS North Norfolk CCG,ASIAN_OR_ASIAN_BRITISH,0
31/03/2017,06V,E38000124,NHS North Norfolk CCG,BLACK_OR_AFRICAN_OR_CARIBBEAN_OR_BLACK_BRITISH,0
31/03/2017,06V,E38000124,NHS North Norfolk CCG,MIXED_OR_MULTIPLE_ETHNIC_GROUPS,1
31/03/2017,06V,E38000124,NHS North Norfolk CCG,NOT_DEFINED,1739
31/03/2017,06V,E38000124,NHS North Norfolk CCG,OTHER_ETHNIC_GROUP,4
31/03/2017,06V,E38000124,NHS North Norfolk CCG,WHITE,309
31/03/2017,11T,E38000125,NHS North Somerset CCG,ASIAN_OR_ASIAN_BRITISH,3
31/03/2017,11T,E38000125,NHS North Somerset CCG,BLACK_OR_AFRICAN_OR_CARIBBEAN_OR_BLACK_BRITISH,0
31/03/2017,11T,E38000125,NHS North Somerset CCG,MIXED_OR_MULTIPLE_ETHNIC_GROUPS,6
31/03/2017,11T,E38000125,NHS North Somerset CCG,NOT_DEFINED,1710
31/03/2017,11T,E38000125,NHS North Somerset CCG,OTHER_ETHNIC_GROUP,2
31/03/2017,11T,E38000125,NHS North Somerset CCG,WHITE,477
31/03/2017,05G,E38000126,NHS North Staffordshire CCG,ASIAN_OR_ASIAN_BRITISH,3
31/03/2017,05G,E38000126,NHS North Staffordshire CCG,BLACK_OR_AFRICAN_OR_CARIBBEAN_OR_BLACK_BRITISH,0
31/03/2017,05G,E38000126,NHS North Staffordshire CCG,MIXED_OR_MULTIPLE_ETHNIC_GROUPS,3
31/03/2017,05G,E38000126,NHS North Staffordshire CCG,NOT_DEFINED,1580
31/03/2017,05G,E38000126,NHS North Staffordshire CCG,OTHER_ETHNIC_GROUP,2
31/03/2017,05G,E38000126,NHS North Staffordshire CCG,WHITE,590
31/03/2017,99C,E38000127,NHS North Tyneside CCG,ASIAN_OR_ASIAN_BRITISH,10
31/03/2017,99C,E38000127,NHS North Tyneside CCG,BLACK_OR_AFRICAN_OR_CARIBBEAN_OR_BLACK_BRITISH,0
31/03/2017,99C,E38000127,NHS North Tyneside CCG,MIXED_OR_MULTIPLE_ETHNIC_GROUPS,1
31/03/2017,99C,E38000127,NHS North Tyneside CCG,NOT_DEFINED,1626
31/03/2017,99C,E38000127,NHS North Tyneside CCG,OTHER_ETHNIC_GROUP,0
31/03/2017,99C,E38000127,NHS North Tyneside CCG,WHITE,342
31/03/2017,09Y,E38000128,NHS North West Surrey CCG,ASIAN_OR_ASIAN_BRITISH,38
31/03/2017,09Y,E38000128,NHS North West Surrey CCG,BLACK_OR_AFRICAN_OR_CARIBBEAN_OR_BLACK_BRITISH,0
31/03/2017,09Y,E38000128,NHS North West Surrey CCG,MIXED_OR_MULTIPLE_ETHNIC_GROUPS,5
31/03/2017,09Y,E38000128,NHS North West Surrey CCG,NOT_DEFINED,2611
31/03/2017,09Y,E38000128,NHS North West Surrey CCG,OTHER_ETHNIC_GROUP,3
31/03/2017,09Y,E38000128,NHS North West Surrey CCG,WHITE,185
31/03/2017,99P,E38000129,"NHS Northern, Eastern and Western Devon CCG",ASIAN_OR_ASIAN_BRITISH,12
31/03/2017,99P,E38000129,"NHS Northern, Eastern and Western Devon CCG",BLACK_OR_AFRICAN_OR_CARIBBEAN_OR_BLACK_BRITISH,0
31/03/2017,99P,E38000129,"NHS Northern, Eastern and Western Devon CCG",MIXED_OR_MULTIPLE_ETHNIC_GROUPS,2
31/03/2017,99P,E38000129,"NHS Northern, Eastern and Western Devon CCG",NOT_DEFINED,7245
31/03/2017,99P,E38000129,"NHS Northern, Eastern and Western Devon CCG",OTHER_ETHNIC_GROUP,20
31/03/2017,99P,E38000129,"NHS Northern, Eastern and Western Devon CCG",WHITE,868
31/03/2017,00L,E38000130,NHS Northumberland CCG,ASIAN_OR_ASIAN_BRITISH,5
31/03/2017,00L,E38000130,NHS Northumberland CCG,BLACK_OR_AFRICAN_OR_CARIBBEAN_OR_BLACK_BRITISH,0
31/03/2017,00L,E38000130,NHS Northumberland CCG,MIXED_OR_MULTIPLE_ETHNIC_GROUPS,3
31/03/2017,00L,E38000130,NHS Northumberland CCG,NOT_DEFINED,2610
31/03/2017,00L,E38000130,NHS Northumberland CCG,OTHER_ETHNIC_GROUP,4
31/03/2017,00L,E38000130,NHS Northumberland CCG,WHITE,558
31/03/2017,06W,E38000131,NHS Norwich CCG,ASIAN_OR_ASIAN_BRITISH,6
31/03/2017,06W,E38000131,NHS Norwich CCG,BLACK_OR_AFRICAN_OR_CARIBBEAN_OR_BLACK_BRITISH,0
31/03/2017,06W,E38000131,NHS Norwich CCG,MIXED_OR_MULTIPLE_ETHNIC_GROUPS,1
31/03/2017,06W,E38000131,NHS Norwich CCG,NOT_DEFINED,1270
31/03/2017,06W,E38000131,NHS Norwich CCG,OTHER_ETHNIC_GROUP,3
31/03/2017,06W,E38000131,NHS Norwich CCG,WHITE,297
31/03/2017,04K,E38000132,NHS Nottingham City CCG,ASIAN_OR_ASIAN_BRITISH,80
31/03/2017,04K,E38000132,NHS Nottingham City CCG,BLACK_OR_AFRICAN_OR_CARIBBEAN_OR_BLACK_BRITISH,0
31/03/2017,04K,E38000132,NHS Nottingham City CCG,MIXED_OR_MULTIPLE_ETHNIC_GROUPS,35
31/03/2017,04K,E38000132,NHS Nottingham City CCG,NOT_DEFINED,1034
31/03/2017,04K,E38000132,NHS Nottingham City CCG,OTHER_ETHNIC_GROUP,8
31/03/2017,04K,E38000132,NHS Nottingham City CCG,WHITE,970
31/03/2017,04L,E38000133,NHS Nottingham North and East CCG,ASIAN_OR_ASIAN_BRITISH,5
31/03/2017,04L,E38000133,NHS Nottingham North and East CCG,BLACK_OR_AFRICAN_OR_CARIBBEAN_OR_BLACK_BRITISH,0
31/03/2017,04L,E38000133,NHS Nottingham North and East CCG,MIXED_OR_MULTIPLE_ETHNIC_GROUPS,10
31/03/2017,04L,E38000133,NHS Nottingham North and East CCG,NOT_DEFINED,934
31/03/2017,04L,E38000133,NHS Nottingham North and East CCG,OTHER_ETHNIC_GROUP,3
31/03/2017,04L,E38000133,NHS Nottingham North and East CCG,WHITE,380
31/03/2017,04M,E38000134,NHS Nottingham West CCG,ASIAN_OR_ASIAN_BRITISH,5
31/03/2017,04M,E38000134,NHS Nottingham West CCG,BLACK_OR_AFRICAN_OR_CARIBBEAN_OR_BLACK_BRITISH,0
31/03/2017,04M,E38000134,NHS Nottingham West CCG,MIXED_OR_MULTIPLE_ETHNIC_GROUPS,2
31/03/2017,04M,E38000134,NHS Nottingham West CCG,NOT_DEFINED,849
31/03/2017,04M,E38000134,NHS Nottingham West CCG,OTHER_ETHNIC_GROUP,2
31/03/2017,04M,E38000134,NHS Nottingham West CCG,WHITE,249
31/03/2017,00Y,E38000135,NHS Oldham CCG,ASIAN_OR_ASIAN_BRITISH,121
31/03/2017,00Y,E38000135,NHS Oldham CCG,BLACK_OR_AFRICAN_OR_CARIBBEAN_OR_BLACK_BRITISH,0
31/03/2017,00Y,E38000135,NHS Oldham CCG,MIXED_OR_MULTIPLE_ETHNIC_GROUPS,10
31/03/2017,00Y,E38000135,NHS Oldham CCG,NOT_DEFINED,1326
31/03/2017,00Y,E38000135,NHS Oldham CCG,OTHER_ETHNIC_GROUP,4
31/03/2017,00Y,E38000135,NHS Oldham CCG,WHITE,471
31/03/2017,10Q,E38000136,NHS Oxfordshire CCG,ASIAN_OR_ASIAN_BRITISH,48
31/03/2017,10Q,E38000136,NHS Oxfordshire CCG,BLACK_OR_AFRICAN_OR_CARIBBEAN_OR_BLACK_BRITISH,0
31/03/2017,10Q,E38000136,NHS Oxfordshire CCG,MIXED_OR_MULTIPLE_ETHNIC_GROUPS,13
31/03/2017,10Q,E38000136,NHS Oxfordshire CCG,NOT_DEFINED,4454
31/03/2017,10Q,E38000136,NHS Oxfordshire CCG,OTHER_ETHNIC_GROUP,18
31/03/2017,10Q,E38000136,NHS Oxfordshire CCG,WHITE,896
31/03/2017,10R,E38000137,NHS Portsmouth CCG,ASIAN_OR_ASIAN_BRITISH,18
31/03/2017,10R,E38000137,NHS Portsmouth CCG,BLACK_OR_AFRICAN_OR_CARIBBEAN_OR_BLACK_BRITISH,0
31/03/2017,10R,E38000137,NHS Portsmouth CCG,MIXED_OR_MULTIPLE_ETHNIC_GROUPS,0
31/03/2017,10R,E38000137,NHS Portsmouth CCG,NOT_DEFINED,945
31/03/2017,10R,E38000137,NHS Portsmouth CCG,OTHER_ETHNIC_GROUP,2
31/03/2017,10R,E38000137,NHS Portsmouth CCG,WHITE,286
31/03/2017,08N,E38000138,NHS Redbridge CCG,ASIAN_OR_ASIAN_BRITISH,263
31/03/2017,08N,E38000138,NHS Redbridge CCG,BLACK_OR_AFRICAN_OR_CARIBBEAN_OR_BLACK_BRITISH,0
31/03/2017,08N,E38000138,NHS Redbridge CCG,MIXED_OR_MULTIPLE_ETHNIC_GROUPS,13
31/03/2017,08N,E38000138,NHS Redbridge CCG,NOT_DEFINED,1164
31/03/2017,08N,E38000138,NHS Redbridge CCG,OTHER_ETHNIC_GROUP,10
31/03/2017,08N,E38000138,NHS Redbridge CCG,WHITE,126
31/03/2017,05J,E38000139,NHS Redditch and Bromsgrove CCG,ASIAN_OR_ASIAN_BRITISH,13
31/03/2017,05J,E38000139,NHS Redditch and Bromsgrove CCG,BLACK_OR_AFRICAN_OR_CARIBBEAN_OR_BLACK_BRITISH,0
31/03/2017,05J,E38000139,NHS Redditch and Bromsgrove CCG,MIXED_OR_MULTIPLE_ETHNIC_GROUPS,1
31/03/2017,05J,E38000139,NHS Redditch and Bromsgrove CCG,NOT_DEFINED,1178
31/03/2017,05J,E38000139,NHS Redditch and Bromsgrove CCG,OTHER_ETHNIC_GROUP,2
31/03/2017,05J,E38000139,NHS Redditch and Bromsgrove CCG,WHITE,241
31/03/2017,08P,E38000140,NHS Richmond CCG,ASIAN_OR_ASIAN_BRITISH,28
31/03/2017,08P,E38000140,NHS Richmond CCG,BLACK_OR_AFRICAN_OR_CARIBBEAN_OR_BLACK_BRITISH,0
31/03/2017,08P,E38000140,NHS Richmond CCG,MIXED_OR_MULTIPLE_ETHNIC_GROUPS,7
31/03/2017,08P,E38000140,NHS Richmond CCG,NOT_DEFINED,1253
31/03/2017,08P,E38000140,NHS Richmond CCG,OTHER_ETHNIC_GROUP,13
31/03/2017,08P,E38000140,NHS Richmond CCG,WHITE,61
31/03/2017,03L,E38000141,NHS Rotherham CCG,ASIAN_OR_ASIAN_BRITISH,19
31/03/2017,03L,E38000141,NHS Rotherham CCG,BLACK_OR_AFRICAN_OR_CARIBBEAN_OR_BLACK_BRITISH,0
31/03/2017,03L,E38000141,NHS Rotherham CCG,MIXED_OR_MULTIPLE_ETHNIC_GROUPS,2
31/03/2017,03L,E38000141,NHS Rotherham CCG,NOT_DEFINED,1588
31/03/2017,03L,E38000141,NHS Rotherham CCG,OTHER_ETHNIC_GROUP,1
31/03/2017,03L,E38000141,NHS Rotherham CCG,WHITE,801
31/03/2017,04N,E38000142,NHS Rushcliffe CCG,ASIAN_OR_ASIAN_BRITISH,8
31/03/2017,04N,E38000142,NHS Rushcliffe CCG,BLACK_OR_AFRICAN_OR_CARIBBEAN_OR_BLACK_BRITISH,0
31/03/2017,04N,E38000142,NHS Rushcliffe CCG,MIXED_OR_MULTIPLE_ETHNIC_GROUPS,4
31/03/2017,04N,E38000142,NHS Rushcliffe CCG,NOT_DEFINED,924
31/03/2017,04N,E38000142,NHS Rushcliffe CCG,OTHER_ETHNIC_GROUP,7
31/03/2017,04N,E38000142,NHS Rushcliffe CCG,WHITE,332
31/03/2017,01G,E38000143,NHS Salford CCG,ASIAN_OR_ASIAN_BRITISH,6
31/03/2017,01G,E38000143,NHS Salford CCG,BLACK_OR_AFRICAN_OR_CARIBBEAN_OR_BLACK_BRITISH,0
31/03/2017,01G,E38000143,NHS Salford CCG,MIXED_OR_MULTIPLE_ETHNIC_GROUPS,3
31/03/2017,01G,E38000143,NHS Salford CCG,NOT_DEFINED,1442
31/03/2017,01G,E38000143,NHS Salford CCG,OTHER_ETHNIC_GROUP,2
31/03/2017,01G,E38000143,NHS Salford CCG,WHITE,555
31/03/2017,05L,E38000144,NHS Sandwell and West Birmingham CCG,ASIAN_OR_ASIAN_BRITISH,364
31/03/2017,05L,E38000144,NHS Sandwell and West Birmingham CCG,BLACK_OR_AFRICAN_OR_CARIBBEAN_OR_BLACK_BRITISH,1
31/03/2017,05L,E38000144,NHS Sandwell and West Birmingham CCG,MIXED_OR_MULTIPLE_ETHNIC_GROUPS,48
31/03/2017,05L,E38000144,NHS Sandwell and West Birmingham CCG,NOT_DEFINED,1488
31/03/2017,05L,E38000144,NHS Sandwell and West Birmingham CCG,OTHER_ETHNIC_GROUP,24
31/03/2017,05L,E38000144,NHS Sandwell and West Birmingham CCG,WHITE,982
31/03/2017,03M,E38000145,NHS Scarborough and Ryedale CCG,ASIAN_OR_ASIAN_BRITISH,0
31/03/2017,03M,E38000145,NHS Scarborough and Ryedale CCG,BLACK_OR_AFRICAN_OR_CARIBBEAN_OR_BLACK_BRITISH,0
31/03/2017,03M,E38000145,NHS Scarborough and Ryedale CCG,MIXED_OR_MULTIPLE_ETHNIC_GROUPS,0
31/03/2017,03M,E38000145,NHS Scarborough and Ryedale CCG,NOT_DEFINED,924
31/03/2017,03M,E38000145,NHS Scarborough and Ryedale CCG,OTHER_ETHNIC_GROUP,0
31/03/2017,03M,E38000145,NHS Scarborough and Ryedale CCG,WHITE,154
31/03/2017,03N,E38000146,NHS Sheffield CCG,ASIAN_OR_ASIAN_BRITISH,66
31/03/2017,03N,E38000146,NHS Sheffield CCG,BLACK_OR_AFRICAN_OR_CARIBBEAN_OR_BLACK_BRITISH,0
31/03/2017,03N,E38000146,NHS Sheffield CCG,MIXED_OR_MULTIPLE_ETHNIC_GROUPS,27
31/03/2017,03N,E38000146,NHS Sheffield CCG,NOT_DEFINED,3162
31/03/2017,03N,E38000146,NHS Sheffield CCG,OTHER_ETHNIC_GROUP,34
31/03/2017,03N,E38000146,NHS Sheffield CCG,WHITE,1648
31/03/2017,05N,E38000147,NHS Shropshire CCG,ASIAN_OR_ASIAN_BRITISH,2
31/03/2017,05N,E38000147,NHS Shropshire CCG,BLACK_OR_AFRICAN_OR_CARIBBEAN_OR_BLACK_BRITISH,0
31/03/2017,05N,E38000147,NHS Shropshire CCG,MIXED_OR_MULTIPLE_ETHNIC_GROUPS,1
31/03/2017,05N,E38000147,NHS Shropshire CCG,NOT_DEFINED,2969
31/03/2017,05N,E38000147,NHS Shropshire CCG,OTHER_ETHNIC_GROUP,2
31/03/2017,05N,E38000147,NHS Shropshire CCG,WHITE,337
31/03/2017,10T,E38000148,NHS Slough CCG,ASIAN_OR_ASIAN_BRITISH,105
31/03/2017,10T,E38000148,NHS Slough CCG,BLACK_OR_AFRICAN_OR_CARIBBEAN_OR_BLACK_BRITISH,0
31/03/2017,10T,E38000148,NHS Slough CCG,MIXED_OR_MULTIPLE_ETHNIC_GROUPS,4
31/03/2017,10T,E38000148,NHS Slough CCG,NOT_DEFINED,332
31/03/2017,10T,E38000148,NHS Slough CCG,OTHER_ETHNIC_GROUP,4
31/03/2017,10T,E38000148,NHS Slough CCG,WHITE,63
31/03/2017,05P,E38000149,NHS Solihull CCG,ASIAN_OR_ASIAN_BRITISH,25
31/03/2017,05P,E38000149,NHS Solihull CCG,BLACK_OR_AFRICAN_OR_CARIBBEAN_OR_BLACK_BRITISH,0
31/03/2017,05P,E38000149,NHS Solihull CCG,MIXED_OR_MULTIPLE_ETHNIC_GROUPS,5
31/03/2017,05P,E38000149,NHS Solihull CCG,NOT_DEFINED,863
31/03/2017,05P,E38000149,NHS Solihull CCG,OTHER_ETHNIC_GROUP,4
31/03/2017,05P,E38000149,NHS Solihull CCG,WHITE,686
31/03/2017,11X,E38000150,NHS Somerset CCG,ASIAN_OR_ASIAN_BRITISH,3
31/03/2017,11X,E38000150,NHS Somerset CCG,BLACK_OR_AFRICAN_OR_CARIBBEAN_OR_BLACK_BRITISH,0
31/03/2017,11X,E38000150,NHS Somerset CCG,MIXED_OR_MULTIPLE_ETHNIC_GROUPS,5
31/03/2017,11X,E38000150,NHS Somerset CCG,NOT_DEFINED,4531
31/03/2017,11X,E38000150,NHS Somerset CCG,OTHER_ETHNIC_GROUP,3
31/03/2017,11X,E38000150,NHS Somerset CCG,WHITE,865
31/03/2017,01R,E38000151,NHS South Cheshire CCG,ASIAN_OR_ASIAN_BRITISH,0
31/03/2017,01R,E38000151,NHS South Cheshire CCG,BLACK_OR_AFRICAN_OR_CARIBBEAN_OR_BLACK_BRITISH,0
31/03/2017,01R,E38000151,NHS South Cheshire CCG,MIXED_OR_MULTIPLE_ETHNIC_GROUPS,5
31/03/2017,01R,E38000151,NHS South Cheshire CCG,NOT_DEFINED,1326
31/03/2017,01R,E38000151,NHS South Cheshire CCG,OTHER_ETHNIC_GROUP,0
31/03/2017,01R,E38000151,NHS South Cheshire CCG,WHITE,190
31/03/2017,99Q,E38000152,NHS South Devon and Torbay CCG,ASIAN_OR_ASIAN_BRITISH,3
31/03/2017,99Q,E38000152,NHS South Devon and Torbay CCG,BLACK_OR_AFRICAN_OR_CARIBBEAN_OR_BLACK_BRITISH,0
31/03/2017,99Q,E38000152,NHS South Devon and Torbay CCG,MIXED_OR_MULTIPLE_ETHNIC_GROUPS,4
31/03/2017,99Q,E38000152,NHS South Devon and Torbay CCG,NOT_DEFINED,2814
31/03/2017,99Q,E38000152,NHS South Devon and Torbay CCG,OTHER_ETHNIC_GROUP,3
31/03/2017,99Q,E38000152,NHS South Devon and Torbay CCG,WHITE,304
31/03/2017,05Q,E38000153,NHS South East Staffordshire and Seisdon Peninsula CCG,ASIAN_OR_ASIAN_BRITISH,3
31/03/2017,05Q,E38000153,NHS South East Staffordshire and Seisdon Peninsula CCG,BLACK_OR_AFRICAN_OR_CARIBBEAN_OR_BLACK_BRITISH,0
31/03/2017,05Q,E38000153,NHS South East Staffordshire and Seisdon Peninsula CCG,MIXED_OR_MULTIPLE_ETHNIC_GROUPS,1
31/03/2017,05Q,E38000153,NHS South East Staffordshire and Seisdon Peninsula CCG,NOT_DEFINED,1425
31/03/2017,05Q,E38000153,NHS South East Staffordshire and Seisdon Peninsula CCG,OTHER_ETHNIC_GROUP,0
31/03/2017,05Q,E38000153,NHS South East Staffordshire and Seisdon Peninsula CCG,WHITE,403
31/03/2017,10V,E38000154,NHS South Eastern Hampshire CCG,ASIAN_OR_ASIAN_BRITISH,4
31/03/2017,10V,E38000154,NHS South Eastern Hampshire CCG,BLACK_OR_AFRICAN_OR_CARIBBEAN_OR_BLACK_BRITISH,0
31/03/2017,10V,E38000154,NHS South Eastern Hampshire CCG,MIXED_OR_MULTIPLE_ETHNIC_GROUPS,2
31/03/2017,10V,E38000154,NHS South Eastern Hampshire CCG,NOT_DEFINED,1764
31/03/2017,10V,E38000154,NHS South Eastern Hampshire CCG,OTHER_ETHNIC_GROUP,3
31/03/2017,10V,E38000154,NHS South Eastern Hampshire CCG,WHITE,285
31/03/2017,12A,E38000155,NHS South Gloucestershire CCG,ASIAN_OR_ASIAN_BRITISH,8
31/03/2017,12A,E38000155,NHS South Gloucestershire CCG,BLACK_OR_AFRICAN_OR_CARIBBEAN_OR_BLACK_BRITISH,0
31/03/2017,12A,E38000155,NHS South Gloucestershire CCG,MIXED_OR_MULTIPLE_ETHNIC_GROUPS,4
31/03/2017,12A,E38000155,NHS South Gloucestershire CCG,NOT_DEFINED,1540
31/03/2017,12A,E38000155,NHS South Gloucestershire CCG,OTHER_ETHNIC_GROUP,2
31/03/2017,12A,E38000155,NHS South Gloucestershire CCG,WHITE,377
31/03/2017,10A,E38000156,NHS South Kent Coast CCG,ASIAN_OR_ASIAN_BRITISH,2
31/03/2017,10A,E38000156,NHS South Kent Coast CCG,BLACK_OR_AFRICAN_OR_CARIBBEAN_OR_BLACK_BRITISH,0
31/03/2017,10A,E38000156,NHS South Kent Coast CCG,MIXED_OR_MULTIPLE_ETHNIC_GROUPS,0
31/03/2017,10A,E38000156,NHS South Kent Coast CCG,NOT_DEFINED,1714
31/03/2017,10A,E38000156,NHS South Kent Coast CCG,OTHER_ETHNIC_GROUP,0
31/03/2017,10A,E38000156,NHS South Kent Coast CCG,WHITE,270
31/03/2017,99D,E38000157,NHS South Lincolnshire CCG,ASIAN_OR_ASIAN_BRITISH,3
31/03/2017,99D,E38000157,NHS South Lincolnshire CCG,BLACK_OR_AFRICAN_OR_CARIBBEAN_OR_BLACK_BRITISH,0
31/03/2017,99D,E38000157,NHS South Lincolnshire CCG,MIXED_OR_MULTIPLE_ETHNIC_GROUPS,1
31/03/2017,99D,E38000157,NHS South Lincolnshire CCG,NOT_DEFINED,1072
31/03/2017,99D,E38000157,NHS South Lincolnshire CCG,OTHER_ETHNIC_GROUP,1
31/03/2017,99D,E38000157,NHS South Lincolnshire CCG,WHITE,500
31/03/2017,01N,E38000158,NHS South Manchester CCG,ASIAN_OR_ASIAN_BRITISH,19
31/03/2017,01N,E38000158,NHS South Manchester CCG,BLACK_OR_AFRICAN_OR_CARIBBEAN_OR_BLACK_BRITISH,0
31/03/2017,01N,E38000158,NHS South Manchester CCG,MIXED_OR_MULTIPLE_ETHNIC_GROUPS,5
31/03/2017,01N,E38000158,NHS South Manchester CCG,NOT_DEFINED,595
31/03/2017,01N,E38000158,NHS South Manchester CCG,OTHER_ETHNIC_GROUP,7
31/03/2017,01N,E38000158,NHS South Manchester CCG,WHITE,262
31/03/2017,06Y,E38000159,NHS South Norfolk CCG,ASIAN_OR_ASIAN_BRITISH,2
31/03/2017,06Y,E38000159,NHS South Norfolk CCG,BLACK_OR_AFRICAN_OR_CARIBBEAN_OR_BLACK_BRITISH,0
31/03/2017,06Y,E38000159,NHS South Norfolk CCG,MIXED_OR_MULTIPLE_ETHNIC_GROUPS,1
31/03/2017,06Y,E38000159,NHS South Norfolk CCG,NOT_DEFINED,1778
31/03/2017,06Y,E38000159,NHS South Norfolk CCG,OTHER_ETHNIC_GROUP,4
31/03/2017,06Y,E38000159,NHS South Norfolk CCG,WHITE,216
31/03/2017,10W,E38000160,NHS South Reading CCG,ASIAN_OR_ASIAN_BRITISH,34
31/03/2017,10W,E38000160,NHS South Reading CCG,BLACK_OR_AFRICAN_OR_CARIBBEAN_OR_BLACK_BRITISH,0
31/03/2017,10W,E38000160,NHS South Reading CCG,MIXED_OR_MULTIPLE_ETHNIC_GROUPS,6
31/03/2017,10W,E38000160,NHS South Reading CCG,NOT_DEFINED,377
31/03/2017,10W,E38000160,NHS South Reading CCG,OTHER_ETHNIC_GROUP,2
31/03/2017,10W,E38000160,NHS South Reading CCG,WHITE,132
31/03/2017,01T,E38000161,NHS South Sefton CCG,ASIAN_OR_ASIAN_BRITISH,3
31/03/2017,01T,E38000161,NHS South Sefton CCG,BLACK_OR_AFRICAN_OR_CARIBBEAN_OR_BLACK_BRITISH,0
31/03/2017,01T,E38000161,NHS South Sefton CCG,MIXED_OR_MULTIPLE_ETHNIC_GROUPS,0
31/03/2017,01T,E38000161,NHS South Sefton CCG,NOT_DEFINED,835
31/03/2017,01T,E38000161,NHS South Sefton CCG,OTHER_ETHNIC_GROUP,1
31/03/2017,01T,E38000161,NHS South Sefton CCG,WHITE,356
31/03/2017,00M,E38000162,NHS South Tees CCG,ASIAN_OR_ASIAN_BRITISH,20
31/03/2017,00M,E38000162,NHS South Tees CCG,BLACK_OR_AFRICAN_OR_CARIBBEAN_OR_BLACK_BRITISH,0
31/03/2017,00M,E38000162,NHS South Tees CCG,MIXED_OR_MULTIPLE_ETHNIC_GROUPS,2
31/03/2017,00M,E38000162,NHS South Tees CCG,NOT_DEFINED,1700
31/03/2017,00M,E38000162,NHS South Tees CCG,OTHER_ETHNIC_GROUP,2
31/03/2017,00M,E38000162,NHS South Tees CCG,WHITE,272
31/03/2017,00N,E38000163,NHS South Tyneside CCG,ASIAN_OR_ASIAN_BRITISH,5
31/03/2017,00N,E38000163,NHS South Tyneside CCG,BLACK_OR_AFRICAN_OR_CARIBBEAN_OR_BLACK_BRITISH,0
31/03/2017,00N,E38000163,NHS South Tyneside CCG,MIXED_OR_MULTIPLE_ETHNIC_GROUPS,1
31/03/2017,00N,E38000163,NHS South Tyneside CCG,NOT_DEFINED,1241
31/03/2017,00N,E38000163,NHS South Tyneside CCG,OTHER_ETHNIC_GROUP,3
31/03/2017,00N,E38000163,NHS South Tyneside CCG,WHITE,237
31/03/2017,05R,E38000164,NHS South Warwickshire CCG,ASIAN_OR_ASIAN_BRITISH,38
31/03/2017,05R,E38000164,NHS South Warwickshire CCG,BLACK_OR_AFRICAN_OR_CARIBBEAN_OR_BLACK_BRITISH,0
31/03/2017,05R,E38000164,NHS South Warwickshire CCG,MIXED_OR_MULTIPLE_ETHNIC_GROUPS,6
31/03/2017,05R,E38000164,NHS South Warwickshire CCG,NOT_DEFINED,1982
31/03/2017,05R,E38000164,NHS South Warwickshire CCG,OTHER_ETHNIC_GROUP,7
31/03/2017,05R,E38000164,NHS South Warwickshire CCG,WHITE,356
31/03/2017,04Q,E38000165,NHS South West Lincolnshire CCG,ASIAN_OR_ASIAN_BRITISH,2
31/03/2017,04Q,E38000165,NHS South West Lincolnshire CCG,BLACK_OR_AFRICAN_OR_CARIBBEAN_OR_BLACK_BRITISH,0
31/03/2017,04Q,E38000165,NHS South West Lincolnshire CCG,MIXED_OR_MULTIPLE_ETHNIC_GROUPS,0
31/03/2017,04Q,E38000165,NHS South West Lincolnshire CCG,NOT_DEFINED,586
31/03/2017,04Q,E38000165,NHS South West Lincolnshire CCG,OTHER_ETHNIC_GROUP,2
31/03/2017,04Q,E38000165,NHS South West Lincolnshire CCG,WHITE,389
31/03/2017,05T,E38000166,NHS South Worcestershire CCG,ASIAN_OR_ASIAN_BRITISH,7
31/03/2017,05T,E38000166,NHS South Worcestershire CCG,BLACK_OR_AFRICAN_OR_CARIBBEAN_OR_BLACK_BRITISH,0
31/03/2017,05T,E38000166,NHS South Worcestershire CCG,MIXED_OR_MULTIPLE_ETHNIC_GROUPS,2
31/03/2017,05T,E38000166,NHS South Worcestershire CCG,NOT_DEFINED,2146
31/03/2017,05T,E38000166,NHS South Worcestershire CCG,OTHER_ETHNIC_GROUP,2
31/03/2017,05T,E38000166,NHS South Worcestershire CCG,WHITE,340
31/03/2017,10X,E38000167,NHS Southampton CCG,ASIAN_OR_ASIAN_BRITISH,32
31/03/2017,10X,E38000167,NHS Southampton CCG,BLACK_OR_AFRICAN_OR_CARIBBEAN_OR_BLACK_BRITISH,1
31/03/2017,10X,E38000167,NHS Southampton CCG,MIXED_OR_MULTIPLE_ETHNIC_GROUPS,5
31/03/2017,10X,E38000167,NHS Southampton CCG,NOT_DEFINED,1249
31/03/2017,10X,E38000167,NHS Southampton CCG,OTHER_ETHNIC_GROUP,7
31/03/2017,10X,E38000167,NHS Southampton CCG,WHITE,299
31/03/2017,99G,E38000168,NHS Southend CCG,ASIAN_OR_ASIAN_BRITISH,10
31/03/2017,99G,E38000168,NHS Southend CCG,BLACK_OR_AFRICAN_OR_CARIBBEAN_OR_BLACK_BRITISH,0
31/03/2017,99G,E38000168,NHS Southend CCG,MIXED_OR_MULTIPLE_ETHNIC_GROUPS,1
31/03/2017,99G,E38000168,NHS Southend CCG,NOT_DEFINED,977
31/03/2017,99G,E38000168,NHS Southend CCG,OTHER_ETHNIC_GROUP,7
31/03/2017,99G,E38000168,NHS Southend CCG,WHITE,759
31/03/2017,04R,E38000169,NHS Southern Derbyshire CCG,ASIAN_OR_ASIAN_BRITISH,106
31/03/2017,04R,E38000169,NHS Southern Derbyshire CCG,BLACK_OR_AFRICAN_OR_CARIBBEAN_OR_BLACK_BRITISH,0
31/03/2017,04R,E38000169,NHS Southern Derbyshire CCG,MIXED_OR_MULTIPLE_ETHNIC_GROUPS,12
31/03/2017,04R,E38000169,NHS Southern Derbyshire CCG,NOT_DEFINED,3473
31/03/2017,04R,E38000169,NHS Southern Derbyshire CCG,OTHER_ETHNIC_GROUP,32
31/03/2017,04R,E38000169,NHS Southern Derbyshire CCG,WHITE,1031
31/03/2017,01V,E38000170,NHS Southport and Formby CCG,ASIAN_OR_ASIAN_BRITISH,1
31/03/2017,01V,E38000170,NHS Southport and Formby CCG,BLACK_OR_AFRICAN_OR_CARIBBEAN_OR_BLACK_BRITISH,0
31/03/2017,01V,E38000170,NHS Southport and Formby CCG,MIXED_OR_MULTIPLE_ETHNIC_GROUPS,0
31/03/2017,01V,E38000170,NHS Southport and Formby CCG,NOT_DEFINED,1362
31/03/2017,01V,E38000170,NHS Southport and Formby CCG,OTHER_ETHNIC_GROUP,0
31/03/2017,01V,E38000170,NHS Southport and Formby CCG,WHITE,214
31/03/2017,08Q,E38000171,NHS Southwark CCG,ASIAN_OR_ASIAN_BRITISH,34
31/03/2017,08Q,E38000171,NHS Southwark CCG,BLACK_OR_AFRICAN_OR_CARIBBEAN_OR_BLACK_BRITISH,0
31/03/2017,08Q,E38000171,NHS Southwark CCG,MIXED_OR_MULTIPLE_ETHNIC_GROUPS,25
31/03/2017,08Q,E38000171,NHS Southwark CCG,NOT_DEFINED,886
31/03/2017,08Q,E38000171,NHS Southwark CCG,OTHER_ETHNIC_GROUP,41
31/03/2017,08Q,E38000171,NHS Southwark CCG,WHITE,219
31/03/2017,01X,E38000172,NHS St Helens CCG,ASIAN_OR_ASIAN_BRITISH,4
31/03/2017,01X,E38000172,NHS St Helens CCG,BLACK_OR_AFRICAN_OR_CARIBBEAN_OR_BLACK_BRITISH,0
31/03/2017,01X,E38000172,NHS St Helens CCG,MIXED_OR_MULTIPLE_ETHNIC_GROUPS,0
31/03/2017,01X,E38000172,NHS St Helens CCG,NOT_DEFINED,1551
31/03/2017,01X,E38000172,NHS St Helens CCG,OTHER_ETHNIC_GROUP,1
31/03/2017,01X,E38000172,NHS St Helens CCG,WHITE,349
31/03/2017,05V,E38000173,NHS Stafford and Surrounds CCG,ASIAN_OR_ASIAN_BRITISH,2
31/03/2017,05V,E38000173,NHS Stafford and Surrounds CCG,BLACK_OR_AFRICAN_OR_CARIBBEAN_OR_BLACK_BRITISH,0
31/03/2017,05V,E38000173,NHS Stafford and Surrounds CCG,MIXED_OR_MULTIPLE_ETHNIC_GROUPS,2
31/03/2017,05V,E38000173,NHS Stafford and Surrounds CCG,NOT_DEFINED,1105
31/03/2017,05V,E38000173,NHS Stafford and Surrounds CCG,OTHER_ETHNIC_GROUP,0
31/03/2017,05V,E38000173,NHS Stafford and Surrounds CCG,WHITE,205
31/03/2017,01W,E38000174,NHS Stockport CCG,ASIAN_OR_ASIAN_BRITISH,24
31/03/2017,01W,E38000174,NHS Stockport CCG,BLACK_OR_AFRICAN_OR_CARIBBEAN_OR_BLACK_BRITISH,0
31/03/2017,01W,E38000174,NHS Stockport CCG,MIXED_OR_MULTIPLE_ETHNIC_GROUPS,3
31/03/2017,01W,E38000174,NHS Stockport CCG,NOT_DEFINED,2428
31/03/2017,01W,E38000174,NHS Stockport CCG,OTHER_ETHNIC_GROUP,3
31/03/2017,01W,E38000174,NHS Stockport CCG,WHITE,307
31/03/2017,05W,E38000175,NHS Stoke on Trent CCG,ASIAN_OR_ASIAN_BRITISH,48
31/03/2017,05W,E38000175,NHS Stoke on Trent CCG,BLACK_OR_AFRICAN_OR_CARIBBEAN_OR_BLACK_BRITISH,0
31/03/2017,05W,E38000175,NHS Stoke on Trent CCG,MIXED_OR_MULTIPLE_ETHNIC_GROUPS,11
31/03/2017,05W,E38000175,NHS Stoke on Trent CCG,NOT_DEFINED,1064
31/03/2017,05W,E38000175,NHS Stoke on Trent CCG,OTHER_ETHNIC_GROUP,0
31/03/2017,05W,E38000175,NHS Stoke on Trent CCG,WHITE,1511
31/03/2017,00P,E38000176,NHS Sunderland CCG,ASIAN_OR_ASIAN_BRITISH,6
31/03/2017,00P,E38000176,NHS Sunderland CCG,BLACK_OR_AFRICAN_OR_CARIBBEAN_OR_BLACK_BRITISH,0
31/03/2017,00P,E38000176,NHS Sunderland CCG,MIXED_OR_MULTIPLE_ETHNIC_GROUPS,2
31/03/2017,00P,E38000176,NHS Sunderland CCG,NOT_DEFINED,1924
31/03/2017,00P,E38000176,NHS Sunderland CCG,OTHER_ETHNIC_GROUP,0
31/03/2017,00P,E38000176,NHS Sunderland CCG,WHITE,338
31/03/2017,99H,E38000177,NHS Surrey Downs CCG,ASIAN_OR_ASIAN_BRITISH,16
31/03/2017,99H,E38000177,NHS Surrey Downs CCG,BLACK_OR_AFRICAN_OR_CARIBBEAN_OR_BLACK_BRITISH,0
31/03/2017,99H,E38000177,NHS Surrey Downs CCG,MIXED_OR_MULTIPLE_ETHNIC_GROUPS,2
31/03/2017,99H,E38000177,NHS Surrey Downs CCG,NOT_DEFINED,2522
31/03/2017,99H,E38000177,NHS Surrey Downs CCG,OTHER_ETHNIC_GROUP,8
31/03/2017,99H,E38000177,NHS Surrey Downs CCG,WHITE,123
31/03/2017,10C,E38000178,NHS Surrey Heath CCG,ASIAN_OR_ASIAN_BRITISH,10
31/03/2017,10C,E38000178,NHS Surrey Heath CCG,BLACK_OR_AFRICAN_OR_CARIBBEAN_OR_BLACK_BRITISH,0
31/03/2017,10C,E38000178,NHS Surrey Heath CCG,MIXED_OR_MULTIPLE_ETHNIC_GROUPS,0
31/03/2017,10C,E38000178,NHS Surrey Heath CCG,NOT_DEFINED,737
31/03/2017,10C,E38000178,NHS Surrey Heath CCG,OTHER_ETHNIC_GROUP,1
31/03/2017,10C,E38000178,NHS Surrey Heath CCG,WHITE,70
31/03/2017,08T,E38000179,NHS Sutton CCG,ASIAN_OR_ASIAN_BRITISH,63
31/03/2017,08T,E38000179,NHS Sutton CCG,BLACK_OR_AFRICAN_OR_CARIBBEAN_OR_BLACK_BRITISH,0
31/03/2017,08T,E38000179,NHS Sutton CCG,MIXED_OR_MULTIPLE_ETHNIC_GROUPS,10
31/03/2017,08T,E38000179,NHS Sutton CCG,NOT_DEFINED,1071
31/03/2017,08T,E38000179,NHS Sutton CCG,OTHER_ETHNIC_GROUP,5
31/03/2017,08T,E38000179,NHS Sutton CCG,WHITE,155
31/03/2017,10D,E38000180,NHS Swale CCG,ASIAN_OR_ASIAN_BRITISH,3
31/03/2017,10D,E38000180,NHS Swale CCG,BLACK_OR_AFRICAN_OR_CARIBBEAN_OR_BLACK_BRITISH,0
31/03/2017,10D,E38000180,NHS Swale CCG,MIXED_OR_MULTIPLE_ETHNIC_GROUPS,1
31/03/2017,10D,E38000180,NHS Swale CCG,NOT_DEFINED,681
31/03/2017,10D,E38000180,NHS Swale CCG,OTHER_ETHNIC_GROUP,2
31/03/2017,10D,E38000180,NHS Swale CCG,WHITE,147
31/03/2017,12D,E38000181,NHS Swindon CCG,ASIAN_OR_ASIAN_BRITISH,17
31/03/2017,12D,E38000181,NHS Swindon CCG,BLACK_OR_AFRICAN_OR_CARIBBEAN_OR_BLACK_BRITISH,0
31/03/2017,12D,E38000181,NHS Swindon CCG,MIXED_OR_MULTIPLE_ETHNIC_GROUPS,5
31/03/2017,12D,E38000181,NHS Swindon CCG,NOT_DEFINED,1253
31/03/2017,12D,E38000181,NHS Swindon CCG,OTHER_ETHNIC_GROUP,2
31/03/2017,12D,E38000181,NHS Swindon CCG,WHITE,151
31/03/2017,01Y,E38000182,NHS Tameside and Glossop CCG,ASIAN_OR_ASIAN_BRITISH,34
31/03/2017,01Y,E38000182,NHS Tameside and Glossop CCG,BLACK_OR_AFRICAN_OR_CARIBBEAN_OR_BLACK_BRITISH,0
31/03/2017,01Y,E38000182,NHS Tameside and Glossop CCG,MIXED_OR_MULTIPLE_ETHNIC_GROUPS,2
31/03/2017,01Y,E38000182,NHS Tameside and Glossop CCG,NOT_DEFINED,1365
31/03/2017,01Y,E38000182,NHS Tameside and Glossop CCG,OTHER_ETHNIC_GROUP,3
31/03/2017,01Y,E38000182,NHS Tameside and Glossop CCG,WHITE,653
31/03/2017,05X,E38000183,NHS Telford and Wrekin CCG,ASIAN_OR_ASIAN_BRITISH,12
31/03/2017,05X,E38000183,NHS Telford and Wrekin CCG,BLACK_OR_AFRICAN_OR_CARIBBEAN_OR_BLACK_BRITISH,0
31/03/2017,05X,E38000183,NHS Telford and Wrekin CCG,MIXED_OR_MULTIPLE_ETHNIC_GROUPS,6
31/03/2017,05X,E38000183,NHS Telford and Wrekin CCG,NOT_DEFINED,873
31/03/2017,05X,E38000183,NHS Telford and Wrekin CCG,OTHER_ETHNIC_GROUP,3
31/03/2017,05X,E38000183,NHS Telford and Wrekin CCG,WHITE,235
31/03/2017,10E,E38000184,NHS Thanet CCG,ASIAN_OR_ASIAN_BRITISH,3
31/03/2017,10E,E38000184,NHS Thanet CCG,BLACK_OR_AFRICAN_OR_CARIBBEAN_OR_BLACK_BRITISH,0
31/03/2017,10E,E38000184,NHS Thanet CCG,MIXED_OR_MULTIPLE_ETHNIC_GROUPS,2
31/03/2017,10E,E38000184,NHS Thanet CCG,NOT_DEFINED,1194
31/03/2017,10E,E38000184,NHS Thanet CCG,OTHER_ETHNIC_GROUP,0
31/03/2017,10E,E38000184,NHS Thanet CCG,WHITE,147
31/03/2017,07G,E38000185,NHS Thurrock CCG,ASIAN_OR_ASIAN_BRITISH,6
31/03/2017,07G,E38000185,NHS Thurrock CCG,BLACK_OR_AFRICAN_OR_CARIBBEAN_OR_BLACK_BRITISH,0
31/03/2017,07G,E38000185,NHS Thurrock CCG,MIXED_OR_MULTIPLE_ETHNIC_GROUPS,2
31/03/2017,07G,E38000185,NHS Thurrock CCG,NOT_DEFINED,808
31/03/2017,07G,E38000185,NHS Thurrock CCG,OTHER_ETHNIC_GROUP,3
31/03/2017,07G,E38000185,NHS Thurrock CCG,WHITE,136
31/03/2017,08V,E38000186,NHS Tower Hamlets CCG,ASIAN_OR_ASIAN_BRITISH,256
31/03/2017,08V,E38000186,NHS Tower Hamlets CCG,BLACK_OR_AFRICAN_OR_CARIBBEAN_OR_BLACK_BRITISH,0
31/03/2017,08V,E38000186,NHS Tower Hamlets CCG,MIXED_OR_MULTIPLE_ETHNIC_GROUPS,11
31/03/2017,08V,E38000186,NHS Tower Hamlets CCG,NOT_DEFINED,415
31/03/2017,08V,E38000186,NHS Tower Hamlets CCG,OTHER_ETHNIC_GROUP,13
31/03/2017,08V,E38000186,NHS Tower Hamlets CCG,WHITE,216
31/03/2017,02A,E38000187,NHS Trafford CCG,ASIAN_OR_ASIAN_BRITISH,45
31/03/2017,02A,E38000187,NHS Trafford CCG,BLACK_OR_AFRICAN_OR_CARIBBEAN_OR_BLACK_BRITISH,0
31/03/2017,02A,E38000187,NHS Trafford CCG,MIXED_OR_MULTIPLE_ETHNIC_GROUPS,10
31/03/2017,02A,E38000187,NHS Trafford CCG,NOT_DEFINED,1665
31/03/2017,02A,E38000187,NHS Trafford CCG,OTHER_ETHNIC_GROUP,4
31/03/2017,02A,E38000187,NHS Trafford CCG,WHITE,267
31/03/2017,03Q,E38000188,NHS Vale of York CCG,ASIAN_OR_ASIAN_BRITISH,2
31/03/2017,03Q,E38000188,NHS Vale of York CCG,BLACK_OR_AFRICAN_OR_CARIBBEAN_OR_BLACK_BRITISH,0
31/03/2017,03Q,E38000188,NHS Vale of York CCG,MIXED_OR_MULTIPLE_ETHNIC_GROUPS,3
31/03/2017,03Q,E38000188,NHS Vale of York CCG,NOT_DEFINED,2118
31/03/2017,03Q,E38000188,NHS Vale of York CCG,OTHER_ETHNIC_GROUP,1
31/03/2017,03Q,E38000188,NHS Vale of York CCG,WHITE,380
31/03/2017,02D,E38000189,NHS Vale Royal CCG,ASIAN_OR_ASIAN_BRITISH,4
31/03/2017,02D,E38000189,NHS Vale Royal CCG,BLACK_OR_AFRICAN_OR_CARIBBEAN_OR_BLACK_BRITISH,0
31/03/2017,02D,E38000189,NHS Vale Royal CCG,MIXED_OR_MULTIPLE_ETHNIC_GROUPS,2
31/03/2017,02D,E38000189,NHS Vale Royal CCG,NOT_DEFINED,693
31/03/2017,02D,E38000189,NHS Vale Royal CCG,OTHER_ETHNIC_GROUP,0
31/03/2017,02D,E38000189,NHS Vale Royal CCG,WHITE,58
31/03/2017,03R,E38000190,NHS Wakefield CCG,ASIAN_OR_ASIAN_BRITISH,21
31/03/2017,03R,E38000190,NHS Wakefield CCG,BLACK_OR_AFRICAN_OR_CARIBBEAN_OR_BLACK_BRITISH,0
31/03/2017,03R,E38000190,NHS Wakefield CCG,MIXED_OR_MULTIPLE_ETHNIC_GROUPS,2
31/03/2017,03R,E38000190,NHS Wakefield CCG,NOT_DEFINED,1985
31/03/2017,03R,E38000190,NHS Wakefield CCG,OTHER_ETHNIC_GROUP,3
31/03/2017,03R,E38000190,NHS Wakefield CCG,WHITE,680
31/03/2017,05Y,E38000191,NHS Walsall CCG,ASIAN_OR_ASIAN_BRITISH,136
31/03/2017,05Y,E38000191,NHS Walsall CCG,BLACK_OR_AFRICAN_OR_CARIBBEAN_OR_BLACK_BRITISH,0
31/03/2017,05Y,E38000191,NHS Walsall CCG,MIXED_OR_MULTIPLE_ETHNIC_GROUPS,11
31/03/2017,05Y,E38000191,NHS Walsall CCG,NOT_DEFINED,1744
31/03/2017,05Y,E38000191,NHS Walsall CCG,OTHER_ETHNIC_GROUP,5
31/03/2017,05Y,E38000191,NHS Walsall CCG,WHITE,381
31/03/2017,08W,E38000192,NHS Waltham Forest CCG,ASIAN_OR_ASIAN_BRITISH,110
31/03/2017,08W,E38000192,NHS Waltham Forest CCG,BLACK_OR_AFRICAN_OR_CARIBBEAN_OR_BLACK_BRITISH,0
31/03/2017,08W,E38000192,NHS Waltham Forest CCG,MIXED_OR_MULTIPLE_ETHNIC_GROUPS,39
31/03/2017,08W,E38000192,NHS Waltham Forest CCG,NOT_DEFINED,1000
31/03/2017,08W,E38000192,NHS Waltham Forest CCG,OTHER_ETHNIC_GROUP,17
31/03/2017,08W,E38000192,NHS Waltham Forest CCG,WHITE,166
31/03/2017,08X,E38000193,NHS Wandsworth CCG,ASIAN_OR_ASIAN_BRITISH,123
31/03/2017,08X,E38000193,NHS Wandsworth CCG,BLACK_OR_AFRICAN_OR_CARIBBEAN_OR_BLACK_BRITISH,0
31/03/2017,08X,E38000193,NHS Wandsworth CCG,MIXED_OR_MULTIPLE_ETHNIC_GROUPS,44
31/03/2017,08X,E38000193,NHS Wandsworth CCG,NOT_DEFINED,1090
31/03/2017,08X,E38000193,NHS Wandsworth CCG,OTHER_ETHNIC_GROUP,14
31/03/2017,08X,E38000193,NHS Wandsworth CCG,WHITE,215
31/03/2017,02E,E38000194,NHS Warrington CCG,ASIAN_OR_ASIAN_BRITISH,7
31/03/2017,02E,E38000194,NHS Warrington CCG,BLACK_OR_AFRICAN_OR_CARIBBEAN_OR_BLACK_BRITISH,0
31/03/2017,02E,E38000194,NHS Warrington CCG,MIXED_OR_MULTIPLE_ETHNIC_GROUPS,0
31/03/2017,02E,E38000194,NHS Warrington CCG,NOT_DEFINED,902
31/03/2017,02E,E38000194,NHS Warrington CCG,OTHER_ETHNIC_GROUP,1
31/03/2017,02E,E38000194,NHS Warrington CCG,WHITE,532
31/03/2017,05H,E38000195,NHS Warwickshire North CCG,ASIAN_OR_ASIAN_BRITISH,17
31/03/2017,05H,E38000195,NHS Warwickshire North CCG,BLACK_OR_AFRICAN_OR_CARIBBEAN_OR_BLACK_BRITISH,0
31/03/2017,05H,E38000195,NHS Warwickshire North CCG,MIXED_OR_MULTIPLE_ETHNIC_GROUPS,2
31/03/2017,05H,E38000195,NHS Warwickshire North CCG,NOT_DEFINED,1163
31/03/2017,05H,E38000195,NHS Warwickshire North CCG,OTHER_ETHNIC_GROUP,3
31/03/2017,05H,E38000195,NHS Warwickshire North CCG,WHITE,202
31/03/2017,02F,E38000196,NHS West Cheshire CCG,ASIAN_OR_ASIAN_BRITISH,6
31/03/2017,02F,E38000196,NHS West Cheshire CCG,BLACK_OR_AFRICAN_OR_CARIBBEAN_OR_BLACK_BRITISH,0
31/03/2017,02F,E38000196,NHS West Cheshire CCG,MIXED_OR_MULTIPLE_ETHNIC_GROUPS,3
31/03/2017,02F,E38000196,NHS West Cheshire CCG,NOT_DEFINED,1929
31/03/2017,02F,E38000196,NHS West Cheshire CCG,OTHER_ETHNIC_GROUP,2
31/03/2017,02F,E38000196,NHS West Cheshire CCG,WHITE,218
31/03/2017,07H,E38000197,NHS West Essex CCG,ASIAN_OR_ASIAN_BRITISH,24
31/03/2017,07H,E38000197,NHS West Essex CCG,BLACK_OR_AFRICAN_OR_CARIBBEAN_OR_BLACK_BRITISH,0
31/03/2017,07H,E38000197,NHS West Essex CCG,MIXED_OR_MULTIPLE_ETHNIC_GROUPS,6
31/03/2017,07H,E38000197,NHS West Essex CCG,NOT_DEFINED,1571
31/03/2017,07H,E38000197,NHS West Essex CCG,OTHER_ETHNIC_GROUP,8
31/03/2017,07H,E38000197,NHS West Essex CCG,WHITE,910
31/03/2017,11A,E38000198,NHS West Hampshire CCG,ASIAN_OR_ASIAN_BRITISH,10
31/03/2017,11A,E38000198,NHS West Hampshire CCG,BLACK_OR_AFRICAN_OR_CARIBBEAN_OR_BLACK_BRITISH,0
31/03/2017,11A,E38000198,NHS West Hampshire CCG,MIXED_OR_MULTIPLE_ETHNIC_GROUPS,7
31/03/2017,11A,E38000198,NHS West Hampshire CCG,NOT_DEFINED,4423
31/03/2017,11A,E38000198,NHS West Hampshire CCG,OTHER_ETHNIC_GROUP,10
31/03/2017,11A,E38000198,NHS West Hampshire CCG,WHITE,724
31/03/2017,99J,E38000199,NHS West Kent CCG,ASIAN_OR_ASIAN_BRITISH,12
31/03/2017,99J,E38000199,NHS West Kent CCG,BLACK_OR_AFRICAN_OR_CARIBBEAN_OR_BLACK_BRITISH,0
31/03/2017,99J,E38000199,NHS West Kent CCG,MIXED_OR_MULTIPLE_ETHNIC_GROUPS,2
31/03/2017,99J,E38000199,NHS West Kent CCG,NOT_DEFINED,3157
31/03/2017,99J,E38000199,NHS West Kent CCG,OTHER_ETHNIC_GROUP,3
31/03/2017,99J,E38000199,NHS West Kent CCG,WHITE,451
31/03/2017,02G,E38000200,NHS West Lancashire CCG,ASIAN_OR_ASIAN_BRITISH,2
31/03/2017,02G,E38000200,NHS West Lancashire CCG,BLACK_OR_AFRICAN_OR_CARIBBEAN_OR_BLACK_BRITISH,0
31/03/2017,02G,E38000200,NHS West Lancashire CCG,MIXED_OR_MULTIPLE_ETHNIC_GROUPS,1
31/03/2017,02G,E38000200,NHS West Lancashire CCG,NOT_DEFINED,768
31/03/2017,02G,E38000200,NHS West Lancashire CCG,OTHER_ETHNIC_GROUP,0
31/03/2017,02G,E38000200,NHS West Lancashire CCG,WHITE,285
31/03/2017,04V,E38000201,NHS West Leicestershire CCG,ASIAN_OR_ASIAN_BRITISH,52
31/03/2017,04V,E38000201,NHS West Leicestershire CCG,BLACK_OR_AFRICAN_OR_CARIBBEAN_OR_BLACK_BRITISH,0
31/03/2017,04V,E38000201,NHS West Leicestershire CCG,MIXED_OR_MULTIPLE_ETHNIC_GROUPS,7
31/03/2017,04V,E38000201,NHS West Leicestershire CCG,NOT_DEFINED,1829
31/03/2017,04V,E38000201,NHS West Leicestershire CCG,OTHER_ETHNIC_GROUP,4
31/03/2017,04V,E38000201,NHS West Leicestershire CCG,WHITE,1395
31/03/2017,08Y,E38000202,NHS West London CCG,ASIAN_OR_ASIAN_BRITISH,71
31/03/2017,08Y,E38000202,NHS West London CCG,BLACK_OR_AFRICAN_OR_CARIBBEAN_OR_BLACK_BRITISH,1
31/03/2017,08Y,E38000202,NHS West London CCG,MIXED_OR_MULTIPLE_ETHNIC_GROUPS,30
31/03/2017,08Y,E38000202,NHS West London CCG,NOT_DEFINED,676
31/03/2017,08Y,E38000202,NHS West London CCG,OTHER_ETHNIC_GROUP,92
31/03/2017,08Y,E38000202,NHS West London CCG,WHITE,460
31/03/2017,07J,E38000203,NHS West Norfolk CCG,ASIAN_OR_ASIAN_BRITISH,1
31/03/2017,07J,E38000203,NHS West Norfolk CCG,BLACK_OR_AFRICAN_OR_CARIBBEAN_OR_BLACK_BRITISH,0
31/03/2017,07J,E38000203,NHS West Norfolk CCG,MIXED_OR_MULTIPLE_ETHNIC_GROUPS,1
31/03/2017,07J,E38000203,NHS West Norfolk CCG,NOT_DEFINED,1671
31/03/2017,07J,E38000203,NHS West Norfolk CCG,OTHER_ETHNIC_GROUP,4
31/03/2017,07J,E38000203,NHS West Norfolk CCG,WHITE,179
31/03/2017,07K,E38000204,NHS West Suffolk CCG,ASIAN_OR_ASIAN_BRITISH,3
31/03/2017,07K,E38000204,NHS West Suffolk CCG,BLACK_OR_AFRICAN_OR_CARIBBEAN_OR_BLACK_BRITISH,0
31/03/2017,07K,E38000204,NHS West Suffolk CCG,MIXED_OR_MULTIPLE_ETHNIC_GROUPS,1
31/03/2017,07K,E38000204,NHS West Suffolk CCG,NOT_DEFINED,1509
31/03/2017,07K,E38000204,NHS West Suffolk CCG,OTHER_ETHNIC_GROUP,1
31/03/2017,07K,E38000204,NHS West Suffolk CCG,WHITE,558
31/03/2017,02H,E38000205,NHS Wigan Borough CCG,ASIAN_OR_ASIAN_BRITISH,1
31/03/2017,02H,E38000205,NHS Wigan Borough CCG,BLACK_OR_AFRICAN_OR_CARIBBEAN_OR_BLACK_BRITISH,0
31/03/2017,02H,E38000205,NHS Wigan Borough CCG,MIXED_OR_MULTIPLE_ETHNIC_GROUPS,1
31/03/2017,02H,E38000205,NHS Wigan Borough CCG,NOT_DEFINED,1868
31/03/2017,02H,E38000205,NHS Wigan Borough CCG,OTHER_ETHNIC_GROUP,2
31/03/2017,02H,E38000205,NHS Wigan Borough CCG,WHITE,499
31/03/2017,99N,E38000206,NHS Wiltshire CCG,ASIAN_OR_ASIAN_BRITISH,3
31/03/2017,99N,E38000206,NHS Wiltshire CCG,BLACK_OR_AFRICAN_OR_CARIBBEAN_OR_BLACK_BRITISH,0
31/03/2017,99N,E38000206,NHS Wiltshire CCG,MIXED_OR_MULTIPLE_ETHNIC_GROUPS,6
31/03/2017,99N,E38000206,NHS Wiltshire CCG,NOT_DEFINED,4060
31/03/2017,99N,E38000206,NHS Wiltshire CCG,OTHER_ETHNIC_GROUP,1
31/03/2017,99N,E38000206,NHS Wiltshire CCG,WHITE,465
31/03/2017,11C,E38000207,"NHS Windsor, Ascot and Maidenhead CCG",ASIAN_OR_ASIAN_BRITISH,38
31/03/2017,11C,E38000207,"NHS Windsor, Ascot and Maidenhead CCG",BLACK_OR_AFRICAN_OR_CARIBBEAN_OR_BLACK_BRITISH,0
31/03/2017,11C,E38000207,"NHS Windsor, Ascot and Maidenhead CCG",MIXED_OR_MULTIPLE_ETHNIC_GROUPS,5
31/03/2017,11C,E38000207,"NHS Windsor, Ascot and Maidenhead CCG",NOT_DEFINED,941
31/03/2017,11C,E38000207,"NHS Windsor, Ascot and Maidenhead CCG",OTHER_ETHNIC_GROUP,2
31/03/2017,11C,E38000207,"NHS Windsor, Ascot and Maidenhead CCG",WHITE,189
31/03/2017,12F,E38000208,NHS Wirral CCG,ASIAN_OR_ASIAN_BRITISH,14
31/03/2017,12F,E38000208,NHS Wirral CCG,BLACK_OR_AFRICAN_OR_CARIBBEAN_OR_BLACK_BRITISH,0
31/03/2017,12F,E38000208,NHS Wirral CCG,MIXED_OR_MULTIPLE_ETHNIC_GROUPS,3
31/03/2017,12F,E38000208,NHS Wirral CCG,NOT_DEFINED,2512
31/03/2017,12F,E38000208,NHS Wirral CCG,OTHER_ETHNIC_GROUP,2
31/03/2017,12F,E38000208,NHS Wirral CCG,WHITE,755
31/03/2017,11D,E38000209,NHS Wokingham CCG,ASIAN_OR_ASIAN_BRITISH,12
31/03/2017,11D,E38000209,NHS Wokingham CCG,BLACK_OR_AFRICAN_OR_CARIBBEAN_OR_BLACK_BRITISH,0
31/03/2017,11D,E38000209,NHS Wokingham CCG,MIXED_OR_MULTIPLE_ETHNIC_GROUPS,2
31/03/2017,11D,E38000209,NHS Wokingham CCG,NOT_DEFINED,986
31/03/2017,11D,E38000209,NHS Wokingham CCG,OTHER_ETHNIC_GROUP,1
31/03/2017,11D,E38000209,NHS Wokingham CCG,WHITE,174
31/03/2017,06A,E38000210,NHS Wolverhampton CCG,ASIAN_OR_ASIAN_BRITISH,184
31/03/2017,06A,E38000210,NHS Wolverhampton CCG,BLACK_OR_AFRICAN_OR_CARIBBEAN_OR_BLACK_BRITISH,0
31/03/2017,06A,E38000210,NHS Wolverhampton CCG,MIXED_OR_MULTIPLE_ETHNIC_GROUPS,34
31/03/2017,06A,E38000210,NHS Wolverhampton CCG,NOT_DEFINED,1594
31/03/2017,06A,E38000210,NHS Wolverhampton CCG,OTHER_ETHNIC_GROUP,16
31/03/2017,06A,E38000210,NHS Wolverhampton CCG,WHITE,437
31/03/2017,06D,E38000211,NHS Wyre Forest CCG,ASIAN_OR_ASIAN_BRITISH,1
31/03/2017,06D,E38000211,NHS Wyre Forest CCG,BLACK_OR_AFRICAN_OR_CARIBBEAN_OR_BLACK_BRITISH,0
31/03/2017,06D,E38000211,NHS Wyre Forest CCG,MIXED_OR_MULTIPLE_ETHNIC_GROUPS,1
31/03/2017,06D,E38000211,NHS Wyre Forest CCG,NOT_DEFINED,975
31/03/2017,06D,E38000211,NHS Wyre Forest CCG,OTHER_ETHNIC_GROUP,0
31/03/2017,06D,E38000211,NHS Wyre Forest CCG,WHITE,48
31/03/2017,13T,E38000212,NHS Newcastle Gateshead CCG,ASIAN_OR_ASIAN_BRITISH,35
31/03/2017,13T,E38000212,NHS Newcastle Gateshead CCG,BLACK_OR_AFRICAN_OR_CARIBBEAN_OR_BLACK_BRITISH,0
31/03/2017,13T,E38000212,NHS Newcastle Gateshead CCG,MIXED_OR_MULTIPLE_ETHNIC_GROUPS,0
31/03/2017,13T,E38000212,NHS Newcastle Gateshead CCG,NOT_DEFINED,2691
31/03/2017,13T,E38000212,NHS Newcastle Gateshead CCG,OTHER_ETHNIC_GROUP,6
31/03/2017,13T,E38000212,NHS Newcastle Gateshead CCG,WHITE,1243
31/03/2017,09G,E38000213,NHS Coastal West Sussex CCG,ASIAN_OR_ASIAN_BRITISH,9
31/03/2017,09G,E38000213,NHS Coastal West Sussex CCG,BLACK_OR_AFRICAN_OR_CARIBBEAN_OR_BLACK_BRITISH,0
31/03/2017,09G,E38000213,NHS Coastal West Sussex CCG,MIXED_OR_MULTIPLE_ETHNIC_GROUPS,6
31/03/2017,09G,E38000213,NHS Coastal West Sussex CCG,NOT_DEFINED,5127
31/03/2017,09G,E38000213,NHS Coastal West Sussex CCG,OTHER_ETHNIC_GROUP,9
31/03/2017,09G,E38000213,NHS Coastal West Sussex CCG,WHITE,553
31/03/2017,09N,E38000214,NHS Guildford and Waverley CCG,ASIAN_OR_ASIAN_BRITISH,9
31/03/2017,09N,E38000214,NHS Guildford and Waverley CCG,BLACK_OR_AFRICAN_OR_CARIBBEAN_OR_BLACK_BRITISH,0
31/03/2017,09N,E38000214,NHS Guildford and Waverley CCG,MIXED_OR_MULTIPLE_ETHNIC_GROUPS,4
31/03/2017,09N,E38000214,NHS Guildford and Waverley CCG,NOT_DEFINED,1567
31/03/2017,09N,E38000214,NHS Guildford and Waverley CCG,OTHER_ETHNIC_GROUP,3
31/03/2017,09N,E38000214,NHS Guildford and Waverley CCG,WHITE,123

